,,,,,,,,,,,,,,,,,,,,,,,,,,,,,,,,,,,,,,,,,,,,,,,,,,,,,,,,,,,,,,,,,,,,,,,
"Figures are in US $m., at constant 2015 prices and exchange rates, except for the last figure, which is in US$m. at 2016 prices and exchange rates",,,,,,,,,,,,,,,,,,,,,,,,,,,,,,,,,,,,,,,,,,,,,,,,,,,,,,,,,,,,,,,,,,,,,,,
Figures in blue are SIPRI estimates. Figures in red indicate highly uncertain data.,,,,,,,,,,,,,,,,,,,,,,,,,,,,,,,,,,,,,,,,,,,,,,,,,,,,,,,,,,,,,,,,,,,,,,,
""". ."" = data unavailable. ""xxx"" = country did not exist or was not independent during all or part of the year in question.",,,,,,,,,,,,,,,,,,,,,,,,,,,,,,,,,,,,,,,,,,,,,,,,,,,,,,,,,,,,,,,,,,,,,,,
,,,,,,,,,,,,,,,,,,,,,,,,,,,,,,,,,,,,,,,,,,,,,,,,,,,,,,,,,,,,,,,,,,,,,,,
Country,,Notes,1949,1950,1951,1952,1953,1954,1955,1956,1957,1958,1959,1960,1961,1962,1963,1964,1965,1966,1967,1968,1969,1970,1971,1972,1973,1974,1975,1976,1977,1978,1979,1980,1981,1982,1983,1984,1985,1986,1987,1988,1989,1990,1991,1992,1993,1994,1995,1996,1997,1998,1999,2000,2001,2002,2003,2004,2005,2006,2007,2008,2009,2010,2011,2012,2013,2014,2015,2016,2016 Current
Africa,,,0,0,264.4042227519,279.4343639624,238.3356915359,223.8897534059,231.6530044958,528.5166336849,764.1102975662,743.2232104196,800.1639994537,1113.7583087689,1485.1059838009,1993.8243220322,2302.5119478564,3078.4292197395,3779.8954759121,3842.9053088241,5386.9043877757,6867.1208526848,9383.8570478354,9381.8366251178,9267.323816104,10140.1925437125,10921.0282884109,12527.446434012,16411.618023606,15907.100303978,17389.691507705,16130.8530135947,15727.8271588134,15488.7537323132,14002.5343384215,13968.5872408444,12947.9783762553,12825.9871471576,12545.0500032952,12379.0115299867,13034.703000967,14313.635011408,13216.9884672178,14188.5185340352,12526.4310819739,11848.8147335471,14971.1125665145,11572.8186845654,12081.4453550639,11724.4581278289,13115.1636025347,13999.8373424496,21248.8989209089,18451.1438281709,18199.3186484531,20248.6841617654,19424.6601649802,21614.328689461,22087.0601348359,24512.0685968739,25793.7903401842,30536.6245252894,29219.3320239622,26132.8611265099,29046.5323230891,32336.5846556289,37063.936800847,39130.5746299611,34944.8179379316,35272.9005569438,
North Africa,,,,,,,,,,,,,,,,,,,,,,,,,,,,,,,,,,,,,,,,,,,,,,,,,,,,,,,,,,,,,,,,,,,,,,,
Algeria,,1,xxx,xxx,xxx,xxx,xxx,xxx,xxx,xxx,xxx,xxx,xxx,xxx,xxx,. .,. .,. .,. .,. .,. .,. .,240,224,220,213,221,423,471,657,573,621,614,699,621,717,721,677,634,624,636,629,615,657,673,1126,1211,1473,1427,1625,1954,2067,2181,2531,2770,2831,2770,3151,3298,3381,3967,4622,5020,5313,7603,8001,8642,9953,10413,10654,10217
Libya,,‡ ¶ 2,xxx,xxx,. .,. .,. .,. .,. .,. .,. .,. .,. .,. .,. .,. .,. .,71.9,87.5,157,198,237,324,580,598,462,574,763,466,501,693,815,1014,1163,543,626,. .,. .,. .,. .,. .,. .,. .,. .,. .,. .,. .,. .,. .,. .,610,688,531,569,556,715,890,1162,1145,1007,948,1433,. .,. .,. .,3110,4054,3738,. .,. .,. .
Morocco,,3,xxx,xxx,xxx,xxx,xxx,xxx,xxx,102,149,198,231,230,263,279,367,330,287,312,326,419,381,393,472,522,593,699,1026,1440,1651,1471,1474,1697,1729,1792,1304,1172,1679,1470,1471,1588,1717,1686,1770,1756,1853,1902,1752,1747,1830,1852,1569,1187,2148,2044,2165,2104,2184,2205,2270,2533,2704,2894,2915,3125,3570,3540,3268,3293,3327
Tunisia,,,xxx,xxx,xxx,xxx,xxx,xxx,xxx,. .,. .,. .,. .,. .,76.5,58.3,58.5,70.6,55.4,58.1,62.2,69.8,66.6,85.1,88.4,100,98,99,141,163,216,240,230,245,323,489,601,411,356,306,277,321,331,305,311,313,326,337,342,394,389,397,393,410,427,422,439,447,481,501,461,498,514,528,628,631,692,824,979,1027,976
Sub-Saharan,,,,,,,,,,,,,,,,,,,,,,,,,,,,,,,,,,,,,,,,,,,,,,,,,,,,,,,,,,,,,,,,,,,,,,,
Angola,,4,xxx,xxx,xxx,xxx,xxx,xxx,xxx,xxx,xxx,xxx,xxx,xxx,xxx,xxx,xxx,xxx,xxx,xxx,xxx,xxx,xxx,xxx,xxx,xxx,xxx,xxx,. .,. .,. .,. .,. .,. .,. .,. .,. .,. .,. .,. .,. .,281,360,314,188,164,2630,. .,1233,923,1480,456,5833,2702,1628,1669,2204,2098,2972,3491,3062,4145,4033,4316,4042,4241,5793,6182,3608,3232,2824
Benin,,,xxx,xxx,xxx,xxx,xxx,xxx,xxx,xxx,xxx,xxx,xxx,. .,. .,. .,. .,. .,. .,. .,. .,. .,. .,15.8,15.8,17.3,18.7,17.7,16.9,14.7,19.5,13.9,24.7,29.7,27.5,30.8,40.9,50.8,48.2,49.0,58.4,58.1,48.1,46.7,. .,. .,. .,. .,. .,. .,. .,. .,29.0,26.1,23.4,43.1,47.0,51.2,52.0,51.9,. .,56.3,. .,. .,. .,67.7,71.3,78.0,90.9,96.4,98.1
Botswana,,,xxx,xxx,xxx,xxx,xxx,xxx,xxx,xxx,xxx,xxx,xxx,xxx,xxx,xxx,xxx,xxx,xxx,. .,. .,. .,. .,. .,. .,. .,. .,. .,. .,. .,14.5,33.1,49.7,54.5,49.3,41.3,41.3,48.1,52.5,77.0,134.8,172,186,235,252,233,245,225,205,189,218,267,254,281,344,366,353,327,296,291,321,344,332,311,301,280,273,316,384,536,514
Burkina Faso,,†,xxx,xxx,xxx,xxx,xxx,xxx,xxx,xxx,xxx,xxx,xxx,5.3,5.8,17.0,17.3,17.3,11.4,12.4,12.3,12.6,12.9,14.1,14.2,15.3,15.4,15.8,34.2,45.0,41.7,50.0,40.6,39.7,45.5,47.6,45.5,45.8,44.3,66.1,58.4,62.6,78.8,85.4,71.3,69.8,63.2,49.5,50.5,49.1,56.8,56.0,62.5,63.6,62.7,67.2,65.7,77.6,81.8,78.0,106,97,109,112,116,129,140,150,147.9,147,149
Burundi,,‡,xxx,xxx,xxx,xxx,xxx,xxx,xxx,xxx,xxx,xxx,xxx,xxx,xxx,. .,. .,. .,12.5,13.1,13.8,14.2,17.6,. .,13.4,17.6,25.0,27.6,26.5,31.7,43.4,42.7,36.7,49.6,47.7,55.1,49.3,48.4,50.6,50.6,45.5,55.0,61.6,64.9,66.5,68.3,67.6,70.7,58.9,68.3,73.7,79.0,82.8,71.3,94.6,90.7,92.0,89.7,85.7,71.6,71.9,60.2,. .,. .,. .,64.4,66.3,64.6,66.2,64.9,66.5
Cameroon,,§,xxx,xxx,xxx,xxx,xxx,xxx,xxx,xxx,xxx,xxx,xxx,. .,. .,. .,. .,. .,. .,. .,. .,. .,. .,136,138,135,138,139,147,155,158,167,183,187,262,306,300,303,262,235,202,186,193,200,205,198,200,163,162,164,182,206,222,216,215,233,250,266,262,285,299,310,314,335,305,327,344,345,354,380,387
Cape Verde,,,xxx,xxx,xxx,xxx,xxx,xxx,xxx,xxx,xxx,xxx,xxx,xxx,xxx,xxx,xxx,xxx,xxx,xxx,xxx,xxx,xxx,xxx,xxx,xxx,xxx,xxx,. .,. .,. .,. .,. .,. .,. .,. .,. .,10.4,9.8,10.1,9.9,9.6,. .,. .,. .,4.9,4.2,5.2,8.1,5.6,5.6,6.3,7.0,11.3,7.7,7.0,7.4,7.6,8.3,7.7,7.7,9.1,7.4,7.5,8.1,8.5,8.2,8.4,8.9,10.1,10.2
Central African Rep.,,‡ 5,xxx,xxx,xxx,xxx,xxx,xxx,xxx,xxx,xxx,xxx,xxx,. .,. .,. .,. .,. .,. .,. .,. .,. .,. .,. .,. .,. .,. .,. .,. .,. .,. .,. .,. .,. .,. .,. .,. .,. .,. .,. .,. .,. .,. .,. .,39.8,40.5,36.9,32.4,29.8,27.6,. .,. .,. .,. .,. .,30.5,34.4,32.1,31.7,. .,33.2,46.8,54.5,80.7,. .,. .,. .,. .,. .,. .,. .
Chad,,,xxx,xxx,xxx,xxx,xxx,xxx,xxx,xxx,xxx,xxx,xxx,. .,. .,. .,. .,. .,. .,. .,. .,. .,. .,. .,. .,. .,. .,. .,. .,. .,. .,. .,. .,. .,. .,. .,77.1,74.8,69.1,79.0,51.2,100,80.5,42.1,. .,42.1,54.6,42.7,31.8,36.2,26.2,24.6,36.4,41.3,46.4,54.9,55.6,65.9,67.0,247,434,578,670,598,585,. .,640,340,221,260,267
Congo,,§,xxx,xxx,xxx,xxx,xxx,xxx,xxx,xxx,xxx,xxx,xxx,. .,. .,. .,. .,. .,. .,. .,. .,. .,. .,57.0,57.3,44.4,57.8,73.2,77.4,82.3,. .,68.1,82.3,83.4,118,157,. .,133,149,. .,172,. .,. .,. .,. .,196,174,. .,. .,. .,. .,. .,. .,. .,111,131,146,172,135,158,187,201,. .,217,. .,. .,321,616,. .,551,562
"Congo, Dem. Rep.",,6,xxx,xxx,xxx,xxx,xxx,xxx,xxx,xxx,xxx,xxx,xxx,. .,. .,. .,58.7,80.9,131.7,112.9,101.6,105.2,142.2,186.1,174.9,139.5,131.4,187.5,133.7,81.6,69.8,60.9,55.7,49.0,26.7,52.6,35.8,44.6,37.6,52.0,23.0,170.1,53.4,37.7,34.7,66.2,203,. .,. .,85.1,70.0,21.1,76.8,60.5,. .,. .,97.4,161,189,206,194,140,150,236,270,343,380,345,491,503,469
Côte d’Ivoire,,7,xxx,xxx,xxx,xxx,xxx,xxx,xxx,xxx,xxx,xxx,xxx,. .,. .,65.8,59.9,82.7,93,92,100,99,105,113,154,185,134,176,157,178,141,193,185,185,170,179,174,176,176,172,177,171,184,175,179,175,174,153,. .,147,147,. .,. .,. .,. .,. .,278,293,280,290,316,317,376,360,301,367,365,441,570,418,425
Djibouti,,,xxx,xxx,xxx,xxx,xxx,xxx,xxx,xxx,xxx,xxx,xxx,xxx,xxx,xxx,xxx,xxx,xxx,xxx,xxx,xxx,xxx,xxx,xxx,xxx,xxx,xxx,xxx,xxx,. .,. .,. .,5.8,16.7,91.7,93.8,91.7,89.7,84.5,81.0,72.9,71.8,69.1,67.2,68.5,61.8,59.4,54.6,43.7,46.2,45.4,45.7,43.6,42.8,54.4,67.0,58.1,67.6,72.2,47.9,45.0,. .,. .,. .,. .,. .,. .,. .,. .,. .
Equatorial Guinea,,,xxx,xxx,xxx,xxx,xxx,xxx,xxx,xxx,xxx,xxx,xxx,xxx,xxx,xxx,xxx,xxx,xxx,xxx,xxx,. .,. .,. .,. .,. .,. .,. .,. .,. .,. .,. .,. .,. .,. .,. .,. .,. .,. .,. .,. .,. .,. .,. .,. .,. .,. .,7.2,7.8,. .,. .,. .,. .,. .,. .,. .,. .,. .,. .,. .,234,307,392,. .,. .,. .,. .,155,. .,17.9,18.2
Eritrea,,8,xxx,xxx,xxx,xxx,xxx,xxx,xxx,xxx,xxx,xxx,xxx,xxx,xxx,xxx,xxx,xxx,xxx,xxx,xxx,xxx,xxx,xxx,xxx,xxx,xxx,xxx,xxx,xxx,xxx,xxx,xxx,xxx,xxx,xxx,xxx,xxx,xxx,xxx,xxx,xxx,xxx,xxx,xxx,xxx,525,378,593,675,426,1189,1260,1049,776,742,724,. .,. .,. .,. .,. .,. .,. .,. .,. .,. .,. .,. .,. .,. .
Ethiopia,,,. .,. .,. .,. .,. .,. .,. .,. .,. .,. .,. .,. .,. .,. .,. .,. .,248,254,215,201,197,179,186,208,205,288,452,360,325,375,502,624,601,599,636,607,518,587,653,787,928,886,440,260,288,265,224,260,479,1024,1624,1465,931,766,630,684,668,603,553,442,437,442,426,401,400,434,443,448,469
Gabon,,9,xxx,xxx,xxx,xxx,xxx,xxx,xxx,xxx,xxx,xxx,xxx,. .,. .,. .,. .,. .,. .,. .,12.3,12.0,17.9,19.5,22.2,23.8,28.0,30.0,33.4,37.0,48.1,. .,68.5,73.1,111,116,118,119,135,140,. .,. .,. .,. .,. .,. .,. .,. .,. .,. .,. .,. .,. .,148,147,147,137,144,131,145,. .,. .,. .,248,230,254,248,175,170,198,203
Gambia,,‡ 10,xxx,xxx,xxx,xxx,xxx,xxx,xxx,xxx,xxx,xxx,xxx,xxx,xxx,xxx,xxx,xxx,. .,. .,. .,. .,. .,. .,. .,. .,. .,. .,. .,. .,. .,. .,. .,. .,. .,. .,0.7,0.9,1.2,1.1,1.3,1.7,2.2,2.6,3.0,2.5,1.7,1.6,1.9,2.6,2.8,2.8,2.5,2.6,2.3,2.5,2.7,2.4,3.3,3.0,4.1,13.2,6.3,. .,. .,10.4,10.2,15.7,14.3,. .,. .
Ghana,,11,xxx,xxx,xxx,xxx,xxx,xxx,xxx,xxx,. .,36.4,41.4,73.0,90.8,84.6,90.1,85.9,72.6,85.3,. .,115,119,111,89.7,77.1,77.8,102,96,69.5,44.0,32.4,21.4,26.0,19.4,13.8,8.3,15.3,29.6,31.8,32.9,17.3,18.4,19.7,28.3,30.7,35.9,39.1,39.9,33.6,33.7,41.9,44.4,62.2,39.1,43.0,53.5,52.2,52.0,56.0,85.9,75.2,87.4,83.0,154,242,178,238,191,146,162
Guinea,,12,xxx,xxx,xxx,xxx,xxx,xxx,xxx,xxx,xxx,xxx,xxx,. .,. .,. .,. .,. .,. .,. .,. .,. .,. .,. .,. .,. .,. .,. .,. .,. .,. .,. .,. .,40.1,28.6,23.4,. .,. .,. .,. .,. .,. .,. .,. .,99.9,79.5,62.1,63.6,. .,. .,62.2,67.9,89.3,87.6,177,195,151,140,. .,. .,. .,. .,. .,. .,. .,209,216,200,221.4,180,162
Guinea-Bissau,,13,xxx,xxx,xxx,xxx,xxx,xxx,xxx,xxx,xxx,xxx,xxx,xxx,xxx,xxx,xxx,xxx,xxx,xxx,xxx,xxx,xxx,xxx,xxx,xxx,. .,. .,. .,. .,. .,. .,. .,. .,. .,10.7,17.6,9.5,4.9,6.5,5.2,. .,6.6,. .,. .,. .,. .,3.5,3.7,3.1,2.9,4.3,. .,15.9,10.3,9.7,9.9,. .,13.9,. .,. .,. .,12.2,15.6,14.4,21.4,18.1,18.2,17.0,. .,. .
Kenya,,,xxx,xxx,xxx,xxx,xxx,xxx,xxx,xxx,xxx,xxx,xxx,xxx,xxx,xxx,25.8,81.6,133,166,200,204,197,208,260,331,374,404,404,580,972,1258,1370,1115,1081,1093,1024,843,708,848,1091,1053,977,997,776,580,485,404,463,542,515,485,472,507,583,628,634,625,659,652,730,697,711,754,771,871,860,782,844,908,933
Lesotho,,,xxx,xxx,xxx,xxx,xxx,xxx,xxx,xxx,xxx,xxx,xxx,xxx,xxx,xxx,xxx,xxx,xxx,. .,. .,. .,. .,. .,. .,. .,. .,. .,. .,6.7,6.9,8.8,9.8,16.9,18.1,24.1,19.8,20.6,23.9,26.0,28.1,26.3,35.3,33.3,27.9,26.7,24.7,29.0,36.0,32.2,32.2,34.6,43.5,41.8,43.9,33.6,31.6,29.5,30.0,31.6,34.4,25.0,41.4,51.5,40.1,39.1,39.4,41.9,44.0,44.0,40.7
Liberia,,14,. .,. .,. .,. .,. .,. .,. .,. .,. .,. .,. .,. .,. .,. .,. .,. .,. .,. .,. .,. .,. .,. .,. .,. .,. .,. .,. .,. .,. .,. .,. .,. .,. .,. .,. .,. .,. .,. .,. .,. .,. .,. .,. .,. .,. .,. .,. .,. .,. .,. .,. .,. .,. .,. .,. .,5.4,12.7,5.9,5.0,4.9,9.0,10.3,15.1,16.5,16.1,15.2,13.5,12.0,12.3
Madagascar,,15,xxx,xxx,xxx,xxx,xxx,xxx,xxx,xxx,xxx,xxx,xxx,. .,. .,. .,. .,39.1,42.5,43.6,46.2,49.3,49.8,48.3,48.0,52.3,55.0,61.9,59.4,69.0,92,94,122,113,106,. .,. .,83.1,79.8,70.7,70.5,65.6,63.1,65.9,68.2,40.3,61.5,51.8,47.6,68.8,87.7,84.8,79.5,80.2,101,79.9,92,92,82.3,79.3,96,101,72.6,56.9,63.7,61.9,61.6,61.6,58.9,59.9,59.3
Malawi,,,xxx,xxx,xxx,xxx,xxx,xxx,xxx,xxx,xxx,xxx,xxx,xxx,xxx,xxx,xxx,. .,. .,. .,. .,6.5,6.5,6.4,6.8,7.3,12.2,12.0,18.1,16.8,21.8,33.7,47.5,46.1,32.9,24.8,20.0,17.0,19.7,23.3,19.3,15.6,16.9,15.9,14.2,15.7,15.9,15.5,9.6,12.8,16.5,13.1,12.8,10.9,11.6,12.6,12.9,21.7,35.5,29.1,30.0,36.6,44.9,37.9,38.7,47.6,75.8,56.1,44.5,39.6,33.6
Mali,,¶,xxx,xxx,xxx,xxx,xxx,xxx,xxx,xxx,xxx,xxx,xxx,. .,. .,. .,. .,. .,26.3,24.0,24.5,25.5,28.9,33.0,25.6,31.3,30.8,31.6,43.7,51.4,50.6,41.5,47.7,41.0,38.6,41.9,39.9,39.2,43.4,42.7,51.4,50.7,52.2,50.1,. .,. .,46.7,49.9,53.6,50.4,58.6,58.0,65.5,75.9,76.3,76.0,87,95,99,107,112,124,129,136,138,131,132,185,309,366,369
Mauritania,,‡,xxx,xxx,xxx,xxx,xxx,xxx,xxx,xxx,xxx,xxx,xxx,. .,. .,. .,. .,. .,. .,. .,. .,. .,. .,. .,. .,. .,. .,. .,. .,. .,. .,. .,. .,. .,. .,. .,. .,. .,56.0,52.0,49.2,48.6,43.0,40.5,38.2,36.8,35.8,34.4,36.7,43.9,51.0,36.1,48.1,63.0,88.1,63.1,100,103,87.0,102,. .,118,118,. .,. .,141,139,136,133,144,136
Mauritius,,,xxx,xxx,xxx,xxx,xxx,xxx,xxx,xxx,xxx,xxx,xxx,xxx,xxx,xxx,xxx,xxx,xxx,xxx,xxx,1.5,1.9,2.2,2.5,2.7,2.8,2.8,3.6,4.3,4.2,4.4,5.6,10.7,10.5,6.1,6.4,6.3,6.0,6.3,7.5,9.2,12.5,15.6,17.6,18.2,17.6,18.4,19.0,17.8,14.8,13.6,14.3,14.8,14.9,15.2,15.6,14.8,15.1,14.8,14.4,16.0,17.2,15.6,16.1,15.5,21.2,17.5,21.1,23,23.0
Mozambique,,16,xxx,xxx,xxx,xxx,xxx,xxx,xxx,xxx,xxx,xxx,xxx,xxx,xxx,xxx,xxx,xxx,xxx,xxx,xxx,xxx,xxx,xxx,xxx,xxx,xxx,xxx,. .,. .,. .,. .,. .,103,115,109,102,98,82,63,84,77,97,88,87,87,94,110,48.8,44.2,49.1,58.4,70.0,72.5,82.7,85.6,84.7,92.7,70.8,63.6,71.4,74.3,82,106,98,110,126,141,147,168,112
Namibia,,17,xxx,xxx,xxx,xxx,xxx,xxx,xxx,xxx,xxx,xxx,xxx,xxx,xxx,xxx,xxx,xxx,xxx,xxx,xxx,xxx,xxx,xxx,xxx,xxx,xxx,xxx,xxx,xxx,xxx,xxx,xxx,xxx,xxx,xxx,xxx,xxx,xxx,xxx,xxx,xxx,xxx,. .,203,149,88,69,76,81,99,106,143,129,152,150,148,156,173,182,203,255,269,293,310,305,321,473,540,500,456
Niger,,,xxx,xxx,xxx,xxx,xxx,xxx,xxx,xxx,xxx,xxx,xxx,. .,. .,. .,. .,. .,. .,. .,. .,. .,. .,. .,. .,. .,. .,. .,13.1,13.2,14.9,16.6,17.3,15.2,13.0,12.9,14.8,13.5,14.4,15.1,13.4,. .,. .,. .,. .,. .,. .,28.0,24.0,22.1,24.4,30.0,34.2,32.8,40.2,31.0,31.2,36.4,35.0,. .,. .,43.6,45.2,59.3,68.9,131.5,88.7,. .,. .,164,166
Nigeria,,18,xxx,xxx,xxx,xxx,xxx,xxx,xxx,xxx,xxx,xxx,xxx,207,236,306,371,439,512,394,1764,2726,4590,3904,3242,4090,4379,4931,8057,5762,6113,4767,4122,3348,2206,1728,1486,993,972,854,686,674,458,756,725,623,843,591,681,578,621,793,1342,1037,1476,2229,1372,1337,1180,1230,1428,2006,2104,2470,2750,2423,2329,2118,2066,2091,1723
Rwanda,,19,xxx,xxx,xxx,xxx,xxx,xxx,xxx,xxx,xxx,xxx,xxx,xxx,xxx,. .,. .,. .,. .,. .,. .,. .,. .,. .,. .,. .,48.4,34.0,31.0,33.7,45.7,33.7,38.5,42.8,49.5,46.2,44.5,40.0,42.5,47.6,42.9,40.7,48.0,110,152,125,121,41.3,69.7,99,91.2,100,102.0,86.9,88.7,83.8,78.0,68.1,65.9,72.5,67.2,70.8,74.1,73.6,72.6,73.9,77.2,88.2,103.6,105.9,101
Senegal,,§ ¶ 20,xxx,xxx,xxx,xxx,xxx,xxx,xxx,xxx,xxx,xxx,xxx,. .,. .,. .,. .,. .,. .,. .,. .,. .,. .,. .,. .,. .,. .,. .,. .,. .,. .,. .,124,116,127,110,110,104,95,90,96,102,103,104,102,95,112,92,93,92,91,97,105,96,106,106,115,116,131,152,171,170,182,171,186,169,196,201,215,252,254
Seychelles,,,xxx,xxx,xxx,xxx,xxx,xxx,xxx,xxx,xxx,xxx,xxx,xxx,xxx,xxx,xxx,xxx,xxx,xxx,xxx,xxx,xxx,xxx,xxx,xxx,xxx,xxx,xxx,. .,. .,. .,. .,. .,. .,. .,. .,. .,13.8,16.0,16.4,16.6,18.4,19.1,20.7,24.0,15.2,13.3,12.3,11.8,12.8,12.1,12.1,11.4,11.8,11.7,11.6,14.8,13.6,13.4,16.3,12.3,10.4,7.8,9.6,11.2,13.2,30.8,17.4,18.0,18.4
Sierra Leone,,21,xxx,xxx,xxx,xxx,xxx,xxx,xxx,xxx,xxx,xxx,xxx,xxx,13.2,13.7,14.8,14.4,14.7,14.3,15.7,16.5,19.7,22.2,21.3,21.7,24.9,30.7,26.2,25.4,28.3,26.7,29.6,39.1,34.7,26.2,17.1,13.3,9.6,19.4,9.3,13.1,23.8,24.6,44.3,52.1,42.4,40.1,38.7,28.5,13.5,. .,. .,39.2,46.5,46.3,50.5,41.0,40.2,44.7,41.9,29.6,34.4,32.9,31.5,32.5,31.3,46.9,39.2,34.9,26.8
Somalia,Base year is 1985,22,xxx,xxx,xxx,xxx,xxx,xxx,xxx,xxx,xxx,xxx,xxx,. .,20.4,23.9,27.9,29.7,25.3,32.7,37.8,40.8,41.7,51.9,52.8,61.4,64.0,71.1,64.6,64.5,70.2,164.3,142.7,97.6,94.5,81.9,88.3,62.3,44.3,46.9,43.6,. .,. .,. .,. .,. .,. .,. .,. .,. .,. .,. .,. .,. .,. .,. .,. .,. .,. .,. .,. .,. .,. .,. .,. .,. .,. .,. .,. .,. .,. .
South Africa,,,. .,. .,264,279,238,224,232,260,376,282,265,303,482,779,780,1093,1119,1212,1346,1414,1459,1376,1516,1551,1953,2508,3151,3910,4349,3902,3485,3494,3865,3801,3863,4162,4132,4213,4652,5460,5385,4850,3984,3430,3170,3380,3007,2613,2402,2129,2040,2394,2677,2942,2907,2948,3230,3231,3156,3093,3238,3128,3241,3389,3467,3464,3460,3424,3160
South Sudan,,23,xxx,xxx,xxx,xxx,xxx,xxx,xxx,xxx,xxx,xxx,xxx,xxx,xxx,xxx,xxx,xxx,xxx,xxx,xxx,xxx,xxx,xxx,xxx,xxx,xxx,xxx,xxx,xxx,xxx,xxx,xxx,xxx,xxx,xxx,xxx,xxx,xxx,xxx,xxx,xxx,xxx,xxx,xxx,xxx,xxx,xxx,xxx,xxx,xxx,xxx,xxx,xxx,xxx,xxx,xxx,xxx,xxx,1272,1166,1612,1150,1216,1730,1105,1098,1410,1152,525,138
Sudan,,‡ 24,xxx,xxx,xxx,xxx,xxx,xxx,xxx,166,240,227,263,295,298,355,384,550,759,666,623,765,1025,1225,1229,1062,966,754,652,962,993,733,867,1000,842,921,1316,1508,1071,912,1037,1132,. .,1312,1052,910,1038,768,561,398,314,909,1629,2099,1331,1561,1180,3352,2740,3222,4081,4923,4801,. .,. .,. .,. .,. .,2280,2465,2723
Swaziland,,‡ 25,xxx,xxx,xxx,xxx,xxx,xxx,xxx,xxx,xxx,xxx,xxx,xxx,xxx,xxx,xxx,xxx,xxx,xxx,xxx,. .,. .,. .,. .,. .,. .,. .,. .,. .,13.9,19.6,20.1,20.2,17.9,17.9,17.4,15.9,14.5,14.4,12.9,12.5,13.4,19.1,21.1,26.5,30.6,31.8,32.3,33.1,32.1,35.7,37.4,35.8,33.7,34.3,40.0,44.2,57.8,57.5,58.5,65.6,71.4,79.3,77.4,68.3,72.2,72.6,73.5,72.8,67.3
Tanzania,,,xxx,xxx,xxx,xxx,xxx,xxx,xxx,xxx,xxx,xxx,xxx,xxx,. .,. .,. .,. .,. .,. .,68.6,65.9,70.0,100,137,160,207,271,256,269,333,643,540,256,293,282,242,215,218,232,217,198,191,159,172,172,113,105,137,135,144,157,156,166,193,189,171,175,188,206,216,219,244,316,340,346,399,445,517,561,544
Togo,,,xxx,xxx,xxx,xxx,xxx,xxx,xxx,xxx,xxx,xxx,xxx,. .,. .,. .,5.6,16.5,16.2,13.8,15.2,16.2,16.7,18.1,19.4,20.2,23.1,26.1,27.0,34.5,43.0,42.4,36.8,35.8,35.0,31.3,29.4,33.4,42.1,49.5,62.1,61.2,64.2,65.8,61.4,60.8,67.1,47.9,44.9,. .,. .,. .,. .,. .,. .,. .,39.5,39.4,38.6,. .,. .,50.1,49.4,52.5,50.2,56.4,61.7,70.7,70.0,80.6,82.0
Uganda,,,xxx,xxx,xxx,xxx,xxx,xxx,xxx,xxx,xxx,xxx,xxx,xxx,xxx,11.5,41.8,76.2,133,178,203,249,256,271,464,588,464,349,326,289,200,158,121,164,144,110,77,124,161,172,167,167,151,152,148,98,100,124,141,151,149,189,216,209,211,226,244,279,280,270,277,305,300,641,660,384,379,393,389,398,403
Zambia,,,xxx,xxx,xxx,xxx,xxx,xxx,xxx,xxx,xxx,xxx,xxx,xxx,xxx,xxx,xxx,. .,. .,. .,. .,. .,. .,. .,. .,. .,. .,. .,. .,. .,. .,. .,. .,. .,. .,. .,. .,255,206,379,342,255,369,325,217,247,120,141,118,79,79,. .,118,. .,. .,. .,. .,155,173,189,215,214,202,224,236,262,283,348,372,292,300
Zimbabwe,,26,xxx,xxx,xxx,xxx,xxx,xxx,xxx,xxx,xxx,xxx,xxx,xxx,xxx,xxx,xxx,xxx,. .,. .,. .,. .,. .,. .,. .,. .,. .,. .,. .,. .,. .,. .,. .,165,137,153,165,141,144,144,146,153,160,161,167,136,114,116,107,112,121,165,164,207,272,981,309,190,142,132,. .,. .,. .,104,204,315,347,359,377,363,358
Americas,,,138162.8,150530.4,313584.8,441331.8,458784.5,395816.1,379105.6,384738.2,401632.4,396362.2,394849.9,386825.0,400880.7,435144.6,430667.8,417000.7,416119.4,490522.4,565651.5,578704.2,555354.4,518498.9,472580.0,477498.6,457564.4,457360.5,438794.6,433477.0,455279.2,457255.1,458496.4,456333.0,501450.0,588502.9,575475.7,592192.2,629603.3,669135.0,666569.2,654552.1,651726.7,612918.4,542883.1,567759.2,547617.3,519034.1,492997.7,465692.6,465218.3,455719.8,456681.8,475146.9,482240.4,530510.0,592556.1,645435.1,680258.5,697061.9,714676.3,768229.4,822596.9,841898.7,831884.7,797115.0,743475.4,699261.8,677678.0,682831.8,692963.7
Central America and the Caribbean,,,,,,,,,,,,,,,,,,,,,,,,,,,,,,,,,,,,,,,,,,,,,,,,,,,,,,,,,,,,,,,,,,,,,,,
Belize,,,xxx,xxx,xxx,xxx,xxx,xxx,xxx,xxx,xxx,xxx,xxx,xxx,xxx,xxx,xxx,xxx,xxx,xxx,xxx,xxx,xxx,xxx,xxx,xxx,xxx,xxx,xxx,xxx,xxx,xxx,xxx,xxx,4.5,5.2,5.5,6.0,5.7,. .,. .,. .,7.0,7.4,7.3,8.0,9.1,11.5,11.4,10.6,12.4,. .,. .,8.7,8.8,8.8,9.4,9.8,11.2,13.8,15.2,19.4,18.1,15.9,15.7,15.3,17.8,17.9,19.1,20.6,20.6
Costa Rica,,27,0.0,0.0,0.0,0.0,0.0,0.0,0.0,0.0,0.0,0.0,0.0,0.0,0.0,0.0,0.0,0.0,0.0,0.0,0.0,0.0,0.0,0.0,0.0,0.0,0.0,0.0,0.0,0.0,0.0,0.0,0.0,0.0,0.0,0.0,0.0,0.0,0.0,0.0,0.0,0.0,0.0,0.0,0.0,0.0,0.0,0.0,0.0,0.0,0.0,0.0,0.0,0.0,0.0,0.0,0.0,0.0,0.0,0.0,0.0,0.0,0.0,0.0,0.0,0.0,0.0,0.0,0.0,0.0,0.0
Cuba,,28,. .,. .,. .,. .,. .,. .,. .,. .,. .,. .,. .,. .,. .,. .,. .,. .,. .,. .,. .,. .,. .,. .,. .,. .,. .,. .,. .,. .,. .,. .,. .,. .,. .,. .,. .,. .,. .,. .,. .,. .,. .,. .,. .,. .,. .,. .,. .,. .,. .,. .,. .,. .,. .,. .,. .,. .,102.4,96.9,102.0,102.6,108,115,103.2,137,127,130,118.4,. .,. .
Dominican Rep.,,,. .,. .,. .,. .,. .,. .,. .,. .,. .,229,. .,229,226,217,205,219,211,194,185,192,182,177,174,173,160,194,193,208,209,240,256,192,213,199,189,173,163,190,160,141,118,93.9,67.4,121,174,175,135,164,221,238,258,346,406,377,281,248,308,297,297,341,335,360,334,377,370,427,458,452,457
El Salvador,,29,. .,. .,. .,. .,78.5,. .,. .,79.8,92.3,86.4,71.4,70.1,73.0,102,98.6,90.9,102,105,107,102,116,107,127,164,172,158,155,190,237,256,351,339,373,402,468,796,690,683,592,500,506,430,390,338,258,219,204,185,179,172,177,167,220,231,177,172,170,175,195,191,207,218,227,227,238,232,248,228,233
Guatemala,,,. .,. .,. .,. .,. .,. .,95.9,101.9,110,108,118,110,110,107,132,116,167,171,189,178,151,270,186,200,172,179,250,279,337,296,335,348,489,529,528,575,524,451,471,526,525,517,393,473,433,422,407,341,292,306,297,376,442,328,356,213,170,199,195,212,199,218,230,254,271,273,274,259,271
Haiti,,30,. .,. .,. .,. .,. .,. .,. .,. .,. .,. .,. .,. .,. .,. .,. .,. .,. .,. .,. .,. .,. .,. .,. .,. .,. .,. .,. .,. .,. .,. .,. .,. .,. .,. .,. .,. .,. .,. .,. .,8.2,8.6,8.5,8.8,7.9,7.6,6.2,7.5,0.0,0.0,0.0,0.0,0.0,0.0,0.0,0.0,0.0,0.0,0.0,0.0,0.0,0.0,0.0,0.0,0.0,0.0,0.0,0.0,0.0,0.0
Honduras,,31,. .,. .,19.5,19.7,22.0,20.3,22.4,24.7,38.4,41.5,37.5,30.1,28.9,28.6,27.7,40.6,42.0,42.9,44.0,44.8,45.1,60.3,68.0,88.9,87.2,81.9,95.7,101,125,160,164,160,155,158,152,168,189,203,230,237,226,183,125,. .,108,. .,. .,. .,. .,. .,. .,96.9,111,110,139,100,98,113,134,166,186,193,213,221,295,320,322,347,343
Jamaica,,,xxx,xxx,xxx,xxx,xxx,xxx,xxx,xxx,xxx,xxx,xxx,xxx,xxx,. .,. .,. .,. .,. .,. .,. .,. .,. .,. .,. .,. .,. .,. .,80.1,80.3,. .,. .,. .,92.4,103.5,94.2,75.4,62.9,67.7,68.5,77.3,93.6,90.5,83.5,132.0,110.9,83.7,76.5,75.6,86.4,71.3,68.1,66.9,71.2,85.9,89.5,83.0,79.7,94.9,105,142,137,122,129,128,124,119,118,119,118
Mexico,,,382,425,431,398,452,570,540,551,598,556,545,614,621,705,791,828,794,834,829,902,1056,986,1013,1223,1355,1482,1595,1790,1672,1700,1890,1795,2376,2297,2200,2757,2874,2419,2339,2175,2305,2393,2523,2800,2989,3757,3139,3332,3339,3443,3623,3739,3700,3579,3568,3437,3694,4018.7,4538,4543,5149,5615,5858,6432,6749,7464,7740,6893,6020
Nicaragua,,32,. .,. .,. .,. .,. .,. .,. .,. .,. .,. .,. .,. .,. .,. .,. .,. .,. .,. .,. .,. .,. .,. .,. .,7.8,5.9,7.5,8.5,11.3,14.3,17.2,11.4,13.0,16.0,. .,. .,. .,. .,. .,. .,. .,. .,100.2,83.1,55.6,46.9,47.7,47.8,42.9,42.3,36.4,37.4,43.0,39.1,49.6,50.6,45.5,45.6,47.9,47.9,45.4,44.9,47.5,53.6,71.6,74.6,80.6,98.9,71.8,72.6
Panama,,33,. .,. .,. .,. .,. .,. .,. .,. .,. .,. .,. .,. .,. .,. .,. .,. .,. .,. .,. .,. .,. .,. .,. .,. .,. .,. .,. .,. .,. .,. .,. .,. .,. .,. .,. .,. .,. .,. .,182.2,179.9,177.8,126.6,134.4,132.4,159.2,166.8,157.9,163.4,188.0,164.8,174.7,0.0,0.0,0.0,0.0,0.0,0.0,0.0,0.0,0.0,0.0,0.0,0.0,0.0,0.0,0.0,0.0,0.0,0.0
Trinidad & Tobago,,,xxx,xxx,xxx,xxx,xxx,xxx,xxx,xxx,xxx,xxx,xxx,xxx,xxx,. .,. .,. .,. .,. .,. .,72.4,73.1,84.0,111.4,105.0,91.4,75.3,84.9,101.4,108.9,117.8,152.6,176.2,146.8,. .,. .,. .,. .,. .,. .,. .,. .,. .,. .,. .,69.0,75.0,. .,. .,. .,. .,. .,. .,33.8,45.5,76.4,166,200,218,219,217,203,191,187,198,236,199,207,237,236
North America,,,,,,,,,,,,,,,,,,,,,,,,,,,,,,,,,,,,,,,,,,,,,,,,,,,,,,,,,,,,,,,,,,,,,,,
Canada,,,. .,3678,7453,11978,13745,12787,12662,12923,12341,11495,10755,10517,10734,11149,10650,10771,9982,9859,10482,10182,9590,9608,9930,9989,9921,10405,11056,11226,11744,12235,11846,12466,12316,13387,14591,15547,16007,16305,16662,16923,16837,16822,15536,15364,15325,15103,14235,13072,12046,12462,13000,12787,13126,13193,13436,13945,14558,15234,16609,17900,18717,16905,17477,16619,15362,15613,15317,15505,15157
USA,,34,131149,140947,301573,424813,437381,377379,357223,361897,372223,370015,372607,363436,378809,410462,404872,391374,389566,463972,535775,550097,526437,487381,438306,440019,418088,412807,389246,379008,394684,396878,399242,397495,442974,524695,508363,528005,568676,607907,600687,587426,581392,555399,487798,515431,488342,460617,433733,410141,408020,398803,399787,415259,418631,470042,534984,583090,610898,620387,636674,683776,738621,758890,749533,706918,650851,610636,596010,606233,611186
South America,,,,,,,,,,,,,,,,,,,,,,,,,,,,,,,,,,,,,,,,,,,,,,,,,,,,,,,,,,,,,,,,,,,,,,,
Argentina,,35,5868,4652,3153,3211,4187,3990,4028,3771,6692,3604,2028,3038,3699,3583,3653,3069,2960,3062,3409,4121,5032,4830,4985,5127,5371,5466,6939,12539,13281,14191,14745,13123,13968,12038,13764,10799,9978,9938,9913,9909,8054,5470,5489,5197,4904,5247,5144,4564,4488,4524,4662,4441,4375,3728,3840,3952,4151,4280,4630,4600,4958,4906,4836,4776,5351,5536,5483,6164,5209
Bolivia,,36,. .,. .,. .,. .,49.9,. .,34.0,25.2,28.9,. .,. .,. .,47.0,46.7,58.0,. .,. .,. .,. .,73.8,76.4,100.7,91.8,126,147,170,231,253,257,310,324,351,399,242,169,266,286,235,244,216,235,319,311,298,233,287,283,278,336,416,332,331,370,347,387,374,362,365,406,485,481,444,493,582,621,651,576,545,566
Brazil,,,. .,. .,. .,. .,1654,. .,. .,. .,2495,2497,1981,1818,1696,1805,1772,1654,2773,2509,2413,2504,2639,3138,3128,4723,5365,5618,6164,7206,6593,6552,6840,6002,5858,6779,6370,6751,9274,8483,11635,14501,15261,12722,10304,8112,11145,13269,14919,13874,13779,14810,15172,16434,19036,19290,15389,15989,17301,17914,19320,20556,22414,24890,24110,24574,24708,25201,24618,22839,23676
Chile,,§ 37,. .,. .,. .,. .,198,109,153,194,195,215,164,228,269,242,241,230,274,302,329,335,333,711,1077,1184,1210,1817,1398,1469,1945,2288,2557,2697,2891,3235,2728,2777,2700,2655,2637,2201,2026,1915,1813,1836,2005,2124,2311,2330,2486,2586,2676,2814,2877,2863,3248,3682,3786,4313,4247,4508,4008,4510,4807,4511,4559,4640,4637,4583,4608
Colombia,,38,. .,. .,. .,. .,. .,. .,. .,. .,. .,418,343,377,451,700,800,764,805,829,850,703,651,801,1260,786,715,709,799,750,727,848,961,1103,1041,1028,1361,1550,1421,1547,1663,1914,1951,2040,2019,2306,2971,3103,3623,5616,3611,4313,4589,4658,5123,5379,5650,6031,6140,6492,6887,8141,8552,8486,7900,8455,9206,9081,9127,9930,9556
Ecuador,,39,. .,. .,. .,. .,76.6,. .,. .,. .,121,116,102,137,131,125,110,128,144,133,141,157,200,204,182,212,247,305,360,374,579,415,427,424,408,413,357,372,475,497,533,570,541,568,538,516,582,551,855,754,862,949,726,707,741,867,1175,1099,1442,1393,1879,2177,2452,2544,2853,2865,2946,2897,2449,2130,2165
Guyana,,‡ 40,xxx,xxx,xxx,xxx,xxx,xxx,xxx,xxx,xxx,xxx,xxx,xxx,xxx,xxx,xxx,xxx,xxx,. .,. .,. .,. .,. .,. .,. .,15.6,31.1,88.9,92.4,61.0,37.8,32.0,35.5,32.8,32.0,24.8,23.8,43.1,28.7,19.4,14.8,11.6,6.1,4.8,7.6,8.7,10.4,9.9,8.9,. .,. .,. .,21.2,24.2,27.1,25.5,33.8,26.6,25.9,30.4,34.6,34.3,33.5,33.4,33.8,35.0,38.9,46.4,49.0,48.9
Paraguay,,41,. .,. .,. .,. .,. .,. .,. .,. .,. .,. .,. .,51.0,44.6,50.7,55.2,58.0,66.5,75.2,81.5,90,95,103,106,135,128,104,135,139,150,170,121,139,182,273,256,266,296,301,245,304,254,247,377,318,291,269,314,292,241,224,201,195,177,171,153,181,161,184,189,189,210,232,265,303,334,352,387,360,343
Peru,,42,764,829,956,911,941,961,1074,1215,1181,1189,1163,1215,1447,1429,1976,2227,2109,2117,3659,1824,1956,3149,3344,3487,4197,4482,5912,6697,9714,7365,4970,7314,6391,8189,6617,4815,5793,5382,5865,2962,2052,1718,1245,1500,1703,1765,2074,2001,1689,1678,1627,1487,1453,1350,1386,1357,1608,1659,1564,1565,1947,2044,1995,2326,2684,2704,3191,2551,2481
Uruguay,,,. .,. .,. .,. .,. .,. .,. .,. .,. .,. .,. .,. .,. .,. .,. .,. .,. .,. .,. .,. .,. .,. .,. .,477,856,1032,966,806,864,898,1052,1272,1679,1529,1166,986,951,961,808,920,1012,988,690,839,810,770,793,852,842,840,862,850,843,777,677,654,662,692,661,746,763,833,810,883,927,956,970,980,973
Venezuela,,43,. .,. .,. .,. .,. .,. .,3273,3956,5515,5793,4936,4955,2494,4393,5227,5431,6123,6317,7158,7126,6724,6787,8491,9271,9262,12239,13116,10158,11898,12280,12220,10888,9444,12969,16073,15484,9195,10882,11617,12847,18132,10756,12946,11967,14932,10953,10520,7597,12460,9682,8411,10320,10431,7662,7459,10575,14286,18848,15733,17573,12853,10087,9424,16208,17389,11692,5265,2336,9222
Asia & Oceania,,,0,2822,4220,12572,13176,13955,14348,18181,18667,19487,19472,19404,19270,21095,25215,26970,29054,32072,33845,36244,38151,40728,44173,47431,47331,49675,50438,61757,65048,69354,73705,76897,80018,83663,86130,89594,96321,101464,105732,109502,135117,141717,144419,151828,155345,156418,160160,164172,170062,170559,180793,185183,197164,207951,218746,232494,245300,259673,277614,294805,332508,340532,354666,372143,391442,413338,436027,451914,445804
Central Asia,,,,,,,,,,,,,,,,,,,,,,,,,,,,,,,,,,,,,,,,,,,,,,,,,,,,,,,,,,,,,,,,,,,,,,,
Kazakhstan,,† 44,xxx,xxx,xxx,xxx,xxx,xxx,xxx,xxx,xxx,xxx,xxx,xxx,xxx,xxx,xxx,xxx,xxx,xxx,xxx,xxx,xxx,xxx,xxx,xxx,xxx,xxx,xxx,xxx,xxx,xxx,xxx,xxx,xxx,xxx,xxx,xxx,xxx,xxx,xxx,xxx,xxx,xxx,xxx,. .,494,317,327,353,330,328,274,287,422,462,547,625,788,923,1388,1318,1243,1369,1510,1764,1992,1988,2046,1504,1102
Kyrgyzstan,,45,xxx,xxx,xxx,xxx,xxx,xxx,xxx,xxx,xxx,xxx,xxx,xxx,xxx,xxx,xxx,xxx,xxx,xxx,xxx,xxx,xxx,xxx,xxx,xxx,xxx,xxx,xxx,xxx,xxx,xxx,xxx,xxx,xxx,xxx,xxx,xxx,xxx,xxx,xxx,xxx,xxx,xxx,xxx,78.8,44.7,60.4,75.6,71.8,79.4,68.6,69.6,87.1,75.0,87.1,99,106,118,129,141,143,156,192,189,189,202,223,231,212,206
Tajikistan,,,xxx,xxx,xxx,xxx,xxx,xxx,xxx,xxx,xxx,xxx,xxx,xxx,xxx,xxx,xxx,xxx,xxx,xxx,xxx,xxx,xxx,xxx,xxx,xxx,xxx,xxx,xxx,xxx,xxx,xxx,xxx,xxx,xxx,xxx,xxx,xxx,xxx,xxx,xxx,xxx,xxx,xxx,xxx,41.6,148.2,47.0,13.5,14.6,20.9,23.9,20.0,17.3,17.2,36.5,47.3,55.5,. .,. .,. .,46.4,47.7,53.5,66.5,69.1,. .,88,95.8,. .,. .
Turkmenistan,,46,xxx,xxx,xxx,xxx,xxx,xxx,xxx,xxx,xxx,xxx,xxx,xxx,xxx,xxx,xxx,xxx,xxx,xxx,xxx,xxx,xxx,xxx,xxx,xxx,xxx,xxx,xxx,xxx,xxx,xxx,xxx,xxx,xxx,xxx,xxx,xxx,xxx,xxx,xxx,xxx,xxx,xxx,xxx,. .,. .,89.9,80.1,77.1,116.8,99.0,107.1,. .,. .,. .,. .,. .,. .,. .,. .,. .,. .,. .,. .,. .,. .,. .,. .,. .,. .
Uzbekistan,,47,xxx,xxx,xxx,xxx,xxx,xxx,xxx,xxx,xxx,xxx,xxx,xxx,xxx,xxx,xxx,xxx,xxx,xxx,xxx,xxx,xxx,xxx,xxx,xxx,xxx,xxx,xxx,xxx,xxx,xxx,xxx,xxx,xxx,xxx,xxx,xxx,xxx,xxx,xxx,xxx,xxx,xxx,xxx,. .,. .,55.2,46.2,61.7,71.8,. .,109.7,94.4,81.3,69.2,73.2,. .,. .,. .,. .,. .,. .,. .,. .,. .,. .,. .,. .,. .,. .
East Asia,,,,,,,,,,,,,,,,,,,,,,,,,,,,,,,,,,,,,,,,,,,,,,,,,,,,,,,,,,,,,,,,,,,,,,,
"China, P.R.",,48,. .,. .,. .,. .,. .,. .,. .,. .,. .,. .,. .,. .,. .,. .,. .,. .,. .,. .,. .,. .,. .,. .,. .,. .,. .,. .,. .,. .,. .,. .,. .,. .,. .,. .,. .,. .,. .,. .,. .,. .,20226,22041,23415,28446,26240,25274,26232,27857,29879,32739,39829,43261,52216,60685,65543,72467,80197,92652,103670,113542,137512,144499,156009,169382,185152,200915,214093,225713,215176
Japan,,† 49,. .,. .,. .,7140,7416,8355,8680,8113,7764,7931,7919,7931,7709,7892,8579,9419,10108,10920,11703,12487,13563,14860,16386,18292,19303,19780,20580,20761,21371,22597,24047,24432,25308,26141,27434,28688,30227,31558,32865,34523,36017,37780,38735,39317,39158,39145,39793,40519,40857,40903,40685,40888,41604,41811,41864,41697,41622,41091,40557,40167,40919,41063,41616,41114,40940,41159,41103,41569,46126
"Korea, North",,50,. .,. .,. .,. .,. .,. .,. .,. .,. .,. .,. .,. .,. .,. .,. .,. .,. .,. .,. .,. .,. .,. .,. .,. .,. .,. .,. .,. .,. .,. .,. .,. .,. .,. .,. .,. .,. .,. .,. .,. .,. .,. .,. .,. .,. .,. .,. .,. .,. .,. .,. .,. .,. .,. .,. .,. .,. .,. .,. .,. .,. .,. .,. .,. .,. .,. .,. .,. .,. .
"Korea, South",,51,. .,. .,. .,. .,186,466,516,740,636,751,797,773,806,935,773,731,768,1386,1541,1816,2093,2164,2544,2975,2993,3828,4419,6351,7550,9403,8832,9675,10025,10450,10878,11153,12058,12964,13317,14148,15046,15597,16022,17008,17791,18306,20012,20294,20791,20065,19528,20728,21321,21908,22653,23648,25576,26498,27698,29510,31365,31620,32062,32876,33912,34954,36433,37265,36777
Mongolia,,,. .,. .,. .,. .,. .,. .,. .,. .,. .,. .,. .,. .,. .,. .,. .,. .,. .,. .,. .,. .,. .,. .,. .,. .,. .,. .,. .,. .,. .,. .,. .,. .,. .,. .,. .,. .,. .,. .,. .,. .,. .,137.5,93.5,41.2,39.2,34.1,48.1,40.7,37.1,38.5,39.3,50.0,45.7,50.1,47.4,51.6,50.0,61.2,80.4,75.6,49.4,61.8,83.6,102,96,103,102,109,102
Taiwan,,,. .,. .,. .,. .,. .,. .,. .,. .,. .,. .,. .,. .,. .,. .,. .,. .,. .,. .,. .,. .,. .,. .,. .,. .,. .,. .,. .,4193,5092,5843,6936,6994,6500,7129,7137,7191,8034,8340,8477,9435,10348,10917,11234,11357,12875,12719,11786,12159,12108,11326,11306,9938,9758,9437,9347,9364,9009,8643,9146,9312,10030,9479,9570,9907,9356,9302,9803,9962,9924
South Asia,,,,,,,,,,,,,,,,,,,,,,,,,,,,,,,,,,,,,,,,,,,,,,,,,,,,,,,,,,,,,,,,,,,,,,,
Afghanistan,Base year 1980 up to 1977,52,. .,. .,. .,. .,. .,. .,. .,. .,. .,. .,. .,. .,. .,. .,. .,. .,. .,. .,. .,. .,. .,5.4,. .,. .,6.2,6.1,6.4,8.1,8.6,. .,. .,. .,. .,. .,. .,. .,. .,. .,. .,. .,. .,. .,. .,. .,. .,. .,. .,. .,. .,. .,. .,. .,. .,. .,. .,203,183,184,284,240,274,297,296,220,203,247,200,187,174
Bangladesh,,53,xxx,xxx,xxx,xxx,xxx,xxx,xxx,xxx,xxx,xxx,xxx,xxx,xxx,xxx,xxx,xxx,xxx,xxx,xxx,xxx,xxx,xxx,. .,. .,169,191,196,348,419,374,355,373,395,456,582,572,527,574,616,678,741,737,751,864,938,1052,1082,1130,1203,1220,1265,1321,1320,1280,1284,1308,1326,1428,1503,1484,1732,2086,2224,2340,2332,2492,2840,3003,3181
India,,54,. .,. .,. .,. .,. .,. .,. .,2586,3092,3098,2860,2887,3115,4282,7009,6842,6688,6297,5884,6093,6458,6659,7939,8371,7393,6885,7728,8873,8430,8815,9499,9748,10292,11167,11557,12225,13713,16211,17462,17880,18841,18559,17328,16561,18705,18788,19351,19702,21810,22755,26445,27287,28238,28150,28779,33430,35576,35747,36179,41036,48315,48508,48978,48804,48445,50813,51295,55631,55923
Nepal,,¶,. .,. .,. .,. .,. .,. .,. .,. .,. .,. .,. .,. .,. .,. .,. .,. .,. .,. .,. .,. .,. .,18.6,21.6,22.0,22.4,22.3,26.9,35.6,36.0,36.6,40.7,41.2,41.7,46.5,51.8,57.3,61.4,61.1,61.9,64.0,69.7,72.6,74.4,77.3,80.6,80.1,79.2,78.8,83.5,84.8,91.6,100.8,130,173,193,231,255,240,224,236,265,278,287,272,298,337,319,304,319
Pakistan,,‡ 55,. .,. .,. .,. .,. .,. .,. .,647,537,557,657,684,677,649,702,791,1277,1489,1213,1247,1356,1479,1644,1843,1722,1717,1798,1813,1805,1921,2032,2195,2385,2874,3207,3446,3752,4034,4411,4565,4579,4832,5173,5500,5472,5315,5407,5406,5176,5176,5227,5238,5603,6026,6439,6704,6978,7093,7142,6734,6940,7197,7586,8045,8310,8731,9483,9931,10063
Sri Lanka,,56,. .,. .,7.7,10.0,13.7,21.7,19.9,23.8,32.6,45.9,49.8,50.2,50.9,46.5,39.9,38.8,40.2,42.5,43.6,45.9,47.4,59.4,88.4,78.5,63.8,66.7,70.7,65.0,80.4,99,114,105,93.0,85.2,149,168,599,523,670,464,358,487,665,745,798,927,1560,1457,1293,1356,1221,1634,1364,1128,1015,1131,1046,1208,1480,1694,1750,1631,1709,1544,1585,1857,2057,2058,1986
South-East Asia,,,,,,,,,,,,,,,,,,,,,,,,,,,,,,,,,,,,,,,,,,,,,,,,,,,,,,,,,,,,,,,,,,,,,,,
Brunei,,57,xxx,xxx,xxx,xxx,xxx,xxx,xxx,xxx,xxx,xxx,xxx,xxx,xxx,xxx,xxx,xxx,xxx,xxx,xxx,xxx,xxx,xxx,xxx,xxx,xxx,xxx,xxx,xxx,xxx,xxx,xxx,xxx,xxx,xxx,xxx,219,230,242,219,354,353,399,398,380,336,347,331,371,432,390,348,330,304,323,337,266,322,362,375,387,380,396,381,373,373,484,424,405,403
Cambodia,,,xxx,xxx,xxx,xxx,. .,. .,. .,. .,. .,. .,. .,. .,. .,. .,. .,. .,. .,. .,. .,. .,. .,. .,. .,. .,. .,. .,. .,. .,. .,. .,. .,. .,. .,. .,. .,. .,. .,1.9,1.7,2.6,4.7,11.0,25.7,57.4,82.5,182,202,186,177,158,163,152,137,122,126,126,124,125,120,100.0,170,203,214,233,253,279,381,361,370
Indonesia,,58,. .,. .,. .,. .,. .,. .,. .,. .,. .,. .,. .,. .,. .,. .,. .,. .,. .,. .,. .,. .,. .,. .,. .,. .,. .,1212,1551,1551,1608,1756,2031,2359,2658,2625,2411,2409,2391,2353,2145,2049,2101,2323,2362,2543,2442,2699,2840,3178,4177,2732,2076,2135,1898,2295,3091,3450,2997,3043,3659,3413,3567,4189,4802,5514,7413,6531,7639,7783,8183
Laos,,,. .,. .,. .,. .,. .,. .,. .,. .,. .,. .,. .,. .,. .,. .,. .,. .,. .,. .,. .,. .,. .,. .,. .,. .,. .,. .,. .,. .,. .,. .,. .,. .,. .,. .,. .,. .,. .,. .,. .,. .,. .,. .,. .,250.7,248.3,251.3,210.5,161.2,147.9,100.8,43.8,34.7,33.5,30.9,27.1,25.7,25.1,25.1,25.1,23.3,19.5,19.6,21.9,22.4,23.1,. .,. .,. .,. .
Malaysia,,59,xxx,xxx,xxx,xxx,xxx,xxx,xxx,xxx,252,265,231,213,177,182,245,342,480,596,550,570,555,756,848,835,774,869,918,948,1271,1085,1269,1574,2121,2020,1807,1666,1487,1274,1851,1203,1441,1548,2107,2094,2225,2411,2564,2465,2317,1703,2304,2091,2602,2956,3769,3638,3892,3808,4252,4349,4105,3586,4019,3833,4177,4208,4532,4295,4169
Myanmar,Base year is 2012,60,. .,. .,159,245,350,438,385,386,396,436,472,456,437,470,535,524,488,382,367,367,420,470,479,468,439,363,314,301,350,389,371,387,433,418,402,392,391,365,233,242,430,511,443,514,591,628,668,713,593,489,484,653,585,426,634,708,716,. .,. .,. .,. .,. .,. .,2969,3269,3276,3756,. .,. .
Philippines,,61,. .,. .,. .,. .,. .,. .,. .,. .,. .,556,574,570,585,657,742,681,661,736,818,950,1146,1243,1160,1354,1804,2339,. .,3014,2880,2204,2636,2284,2373,2286,2242,1438,1545,1631,1737,2234,2102,2088,1900,1918,2077,2175,2421,2538,2266,2238,2210,2335,2202,2318,2584,2434,2480,2565,2809,2810,2702,2838,2886,2926,3326,3071,3336,3990,3899
Singapore,,,xxx,xxx,xxx,xxx,xxx,xxx,xxx,xxx,xxx,xxx,xxx,xxx,xxx,xxx,xxx,xxx,. .,. .,. .,. .,. .,850,1028,1088,1053,970,1096,1324,1575,1541,1528,1717,1904,2013,1949,2404,2820,2753,2730,2944,3261,3742,3871,4115,4246,4389,5257,5759,6463,7318,7455,7210,7383,7784,7860,8009,8508,8580,8911,8981,9281,9104,8779,8578,8549,8800,9394,9986,9959
Thailand,,,. .,. .,. .,. .,. .,. .,. .,. .,495,439,451,420,363,475,505,518,559,602,691,830,969,1139,1371,1415,1327,1236,1342,1649,1984,2507,2916,2797,2728,2909,2945,3220,3464,3306,3278,3305,3418,3668,4061,4425,4550,4922,4912,4831,4693,3704,3291,3143,3141,3170,3137,2922,2971,3290,4230,4908,5475,5066,5218,5143,5346,5385,5733,6047,5880
Timor Leste,,62,xxx,xxx,xxx,xxx,xxx,xxx,xxx,xxx,xxx,xxx,xxx,xxx,xxx,xxx,xxx,xxx,xxx,xxx,xxx,xxx,xxx,xxx,xxx,xxx,xxx,xxx,xxx,xxx,xxx,xxx,xxx,xxx,xxx,xxx,xxx,xxx,xxx,xxx,xxx,xxx,xxx,xxx,xxx,xxx,xxx,xxx,xxx,xxx,xxx,xxx,xxx,xxx,xxx,. .,. .,. .,15.8,31.5,39.7,36.2,55.5,37.6,25.8,37.5,32.0,29.8,37.0,25.8,26.2
Viet Nam,,63,xxx,xxx,xxx,xxx,xxx,xxx,xxx,xxx,xxx,xxx,xxx,xxx,xxx,xxx,xxx,xxx,xxx,xxx,xxx,xxx,xxx,xxx,xxx,xxx,xxx,xxx,. .,. .,. .,. .,. .,. .,. .,. .,. .,. .,. .,. .,751.1,1217.2,1606.9,1915.4,1362.3,859.7,673.8,918.8,. .,. .,. .,. .,. .,. .,. .,. .,1698,1739,1814,2135,2753,2712,2979,3322,3101,3611,3776,4184,4563,5005,5017
Oceania,,,,,,,,,,,,,,,,,,,,,,,,,,,,,,,,,,,,,,,,,,,,,,,,,,,,,,,,,,,,,,,,,,,,,,,
Australia,,,. .,2822,4054,5177,5211,4674,4746,4600,4416,4375,4400,4329,4325,4508,5069,5869,6778,8249,9704,10430,10083,9427,9161,9165,8779,8658,8798,8933,8980,9079,9383,9867,10535,11076,11457,12353,12952,13026,12584,12137,12035,12094,12301,12660,13139,13286,12870,12712,12937,13571,14238,14197,14762,15394,15675,16321,16895,17800,18893,19582,21047,21306,21011,20275,20099,21814,24040,24371,24617
Fiji,,† 64,xxx,xxx,xxx,xxx,xxx,xxx,xxx,xxx,xxx,xxx,xxx,xxx,xxx,xxx,xxx,xxx,xxx,xxx,xxx,xxx,xxx,2.3,2.7,3.1,3.2,4.1,5.7,7.4,9.4,16.2,19.6,18.2,18.7,25.1,25.9,27.1,24.8,24.9,44.6,45.1,51.9,50.3,50.0,45.7,46.7,46.3,44.8,41.1,38.6,36.6,37.5,54.0,56.7,50.9,51.1,57.0,50.1,62.7,77.8,50.7,57.7,53.6,56.4,53.0,52.0,42.0,47.2,43.7,45.2
New Zealand,,,. .,. .,. .,. .,. .,. .,. .,1086,1047,1034,1063,1090,1024,999,1018,1214,1208,1372,1331,1408,1461,1596,1501,1522,1480,1528,1557,1496,1515,1601,1607,2231,2118,1943,1895,1965,1949,2126,2179,1917,1982,2064,1946,1821,1779,1802,1837,1852,1814,1817,1835,1835,1796,1728,1781,1730,1709,1891,1909,1861,2003,2019,1900,1849,1837,1918,1944,2067,2093
Papua New Guinea,,‡ 65,xxx,xxx,xxx,xxx,xxx,xxx,xxx,xxx,xxx,xxx,xxx,xxx,xxx,xxx,xxx,xxx,xxx,xxx,xxx,xxx,xxx,xxx,xxx,xxx,xxx,xxx,32.5,86.8,84.0,87.6,91.4,99,90.5,. .,. .,. .,95,96,98,97,105,142,101,109,124,151,110,142,151,120,92.5,81.6,68.3,47.3,42.8,48.0,56.6,56.0,67.5,55.6,70.2,58.2,67.3,97.5,95.0,106,100,87.4,81.9
Europe,,,32753.2,65963.8,79618.4,100190.9,125816.0,120724.0,118689.3,126906.2,137215.5,127588.2,138325.6,148331.1,154918.9,170913.1,177771.6,181364.2,182279.7,185425.1,192145.3,190181.1,192333.5,201893.0,209472.1,224101.6,228966.3,235461.5,240129.4,243660.7,247659.3,256943.0,264356.4,272858.1,276710.2,286771.5,291357.0,295155.2,304978.3,307306.4,312611.8,564274.4,552947.7,502980.6,295543.3,328399.7,308486.9,302369.3,280970.0,280815.0,282313.8,273422.7,278719.4,287424.5,289646.8,297328.2,303588.2,307567.0,310799.5,315371.9,323507.2,331987.0,337904.1,331128.5,324933.5,326503.9,320331.1,322340.4,332619.7,341996.8,333684.7
Central Europe,,,,,,,,,,,,,,,,,,,,,,,,,,,,,,,,,,,,,,,,,,,,,,,,,,,,,,,,,,,,,,,,,,,,,,,
Albania,,§ ¶ 66,. .,. .,. .,. .,. .,. .,. .,. .,. .,. .,. .,. .,. .,. .,. .,. .,. .,. .,. .,. .,. .,. .,. .,. .,. .,. .,. .,. .,. .,. .,. .,. .,. .,. .,. .,. .,. .,. .,. .,. .,226,232,164,126,115,110,102,92,64.2,60.7,70.3,77.8,88,88,99,108,112,138,171,201,159,171,170,166,156,152,132,142,147
Bosnia-Herzegovina,,† ¶ 67,xxx,xxx,xxx,xxx,xxx,xxx,xxx,xxx,xxx,xxx,xxx,xxx,xxx,xxx,xxx,xxx,xxx,xxx,xxx,xxx,xxx,xxx,xxx,xxx,xxx,xxx,xxx,xxx,xxx,xxx,xxx,xxx,xxx,xxx,xxx,xxx,xxx,xxx,xxx,xxx,xxx,xxx,xxx,. .,. .,. .,. .,. .,. .,. .,. .,. .,. .,362,252,226,189,181,179,186,205,191,169,167,162,158,162,166,164
Bulgaria,,† 68,. .,. .,. .,. .,. .,. .,. .,. .,. .,. .,. .,. .,. .,. .,. .,. .,. .,. .,. .,. .,. .,. .,. .,. .,. .,. .,. .,. .,. .,. .,. .,. .,. .,. .,. .,. .,. .,. .,. .,. .,3684,2976,1611,1217,920,788,776,637,594,687,779,803,890,898,915,894,915,907,1054,883,839,798,676,692,740,698,661,756,756
Croatia,,69,xxx,xxx,xxx,xxx,xxx,xxx,xxx,xxx,xxx,xxx,xxx,xxx,xxx,xxx,xxx,xxx,xxx,xxx,xxx,xxx,xxx,xxx,xxx,xxx,xxx,xxx,xxx,xxx,xxx,xxx,xxx,xxx,xxx,xxx,xxx,xxx,xxx,xxx,xxx,xxx,xxx,xxx,xxx,1844,2342,2632,2800,2624,2647,2041,1592,1128,1045,1130,915,831,867,876,902,1036,944,874,905,827,791,756,753,687,695
Czech Rep.,,70,xxx,xxx,xxx,xxx,xxx,xxx,xxx,xxx,xxx,xxx,xxx,xxx,xxx,xxx,xxx,xxx,xxx,xxx,xxx,xxx,xxx,xxx,xxx,xxx,xxx,xxx,xxx,xxx,xxx,xxx,xxx,xxx,xxx,xxx,xxx,xxx,xxx,xxx,xxx,xxx,xxx,xxx,xxx,xxx,2223,2297,2202,2184,2066,2244,2433,2509,2413,2579,2801,2687,2938,2715,2618,2232,2298,2086,1878,1744,1669,1593,1763,1923,1955
Czechoslovakia,,71,. .,. .,. .,. .,. .,. .,. .,2131,2225,2127,2157,2371,2737,2809,2669,2523,2511,2696,3007,3160,3291,3356,3596,3814,4708,4825,5186,5131,5306,5404,5354,5574,5577,5648,5751,5923,6256,6205,6241,6391,9439,8234,5401,5479,xxx,xxx,xxx,xxx,xxx,xxx,xxx,xxx,xxx,xxx,xxx,xxx,xxx,xxx,xxx,xxx,xxx,xxx,xxx,xxx,xxx,xxx,xxx,xxx,xxx
Estonia,,72,xxx,xxx,xxx,xxx,xxx,xxx,xxx,xxx,xxx,xxx,xxx,xxx,xxx,xxx,xxx,xxx,xxx,xxx,xxx,xxx,xxx,xxx,xxx,xxx,xxx,xxx,xxx,xxx,xxx,xxx,xxx,xxx,xxx,xxx,xxx,xxx,xxx,xxx,xxx,xxx,xxx,xxx,xxx,46.2,62.2,79.1,78.4,76.3,102,108,134,158,184,220,254,268,334,376,456,440,398,310,330,385,398,426,469,494,502
German DR,,73,. .,. .,. .,. .,. .,. .,. .,. .,. .,. .,. .,543,542,1438,1482,1530,1626,1671,1903,2532,2764,3044,3258,3456,3798,4089,4410,4686,5059,5340,5553,5988,6478,6843,7253,7737,8251,8873,9543,9885,10118,xxx,xxx,xxx,xxx,xxx,xxx,xxx,xxx,xxx,xxx,xxx,xxx,xxx,xxx,xxx,xxx,xxx,xxx,xxx,xxx,xxx,xxx,xxx,xxx,xxx,xxx,xxx,xxx
Hungary,,,. .,. .,. .,. .,. .,. .,. .,. .,. .,. .,. .,. .,. .,. .,. .,. .,. .,. .,. .,. .,. .,. .,. .,2255,2198,2411,2596,2436,2536,2873,2856,2850,2942,2908,2971,2817,4393,2849,2891,3342,2648,2291,1721,1662,1432,1418,1068,1004,1235,1104,1261,1392,1528,1669,1801,1668,1651,1480,1508,1401,1249,1120,1135,1080,1021,1006,1131,1258,1254
Kosovo,,,xxx,xxx,xxx,xxx,xxx,xxx,xxx,xxx,xxx,xxx,xxx,xxx,xxx,xxx,xxx,xxx,xxx,xxx,xxx,xxx,xxx,xxx,xxx,xxx,xxx,xxx,xxx,xxx,xxx,xxx,xxx,xxx,xxx,xxx,xxx,xxx,xxx,xxx,xxx,xxx,xxx,xxx,xxx,xxx,xxx,xxx,xxx,xxx,xxx,xxx,xxx,xxx,xxx,xxx,xxx,xxx,xxx,xxx,xxx,0.8,25.2,36.1,42.4,38.1,40.5,44.5,50.0,52.0,51.9
Latvia,,74,xxx,xxx,xxx,xxx,xxx,xxx,xxx,xxx,xxx,xxx,xxx,xxx,xxx,xxx,xxx,xxx,xxx,xxx,xxx,xxx,xxx,xxx,xxx,xxx,xxx,xxx,xxx,xxx,xxx,xxx,xxx,xxx,xxx,xxx,xxx,xxx,xxx,xxx,xxx,xxx,xxx,xxx,xxx,. .,81.6,95.4,92.4,71.9,69.6,75.0,97,122,153,250,288,311,362,455,496,486,309,234,242,222,239,248,283,406,407
Lithuania,,,xxx,xxx,xxx,xxx,xxx,xxx,xxx,xxx,xxx,xxx,xxx,xxx,xxx,xxx,xxx,xxx,xxx,xxx,xxx,xxx,xxx,xxx,xxx,xxx,xxx,xxx,xxx,xxx,xxx,xxx,xxx,xxx,xxx,xxx,xxx,xxx,xxx,xxx,xxx,xxx,xxx,xxx,xxx,. .,146,78.9,82.1,91,150,261,200,261,306,305,298,344,375,415,453,467,352,294,284,284,294,354,471,634,636
"Macedonia, FYR",,75,xxx,xxx,xxx,xxx,xxx,xxx,xxx,xxx,xxx,xxx,xxx,xxx,xxx,xxx,xxx,xxx,xxx,xxx,xxx,xxx,xxx,xxx,xxx,xxx,xxx,xxx,xxx,xxx,xxx,xxx,xxx,xxx,xxx,xxx,xxx,xxx,xxx,xxx,xxx,xxx,xxx,xxx,xxx,. .,. .,. .,. .,140,110,113,101,115,366,159,145,152,142,136,157,144,140,119,111,105,105,103,106,106,106
Montenegro,,76,xxx,xxx,xxx,xxx,xxx,xxx,xxx,xxx,xxx,xxx,xxx,xxx,xxx,xxx,xxx,xxx,xxx,xxx,xxx,xxx,xxx,xxx,xxx,xxx,xxx,xxx,xxx,xxx,xxx,xxx,xxx,xxx,xxx,xxx,xxx,xxx,xxx,xxx,xxx,xxx,xxx,xxx,xxx,xxx,xxx,xxx,xxx,xxx,xxx,xxx,xxx,xxx,xxx,xxx,xxx,xxx,72.8,71.9,65.0,74.0,68.0,69.4,67.5,59.9,54.3,57.0,55.5,66.8,67.2
Poland,,77,. .,. .,. .,. .,. .,. .,. .,. .,. .,. .,. .,. .,. .,. .,. .,. .,. .,. .,. .,. .,. .,4588,4897,4929,5252,5306,5652,5880,6255,5997,6025,5690,5752,6342,5641,6372,6869,7129,6929,7164,5820,6046,4257,4125,4521,4513,4541,4778,5228,5423,5334,5177,5335,5426,5640,5897,6304,6712,7588,6889,7265,7602,7707,7775,7709,8572,10213,9791,9341
Romania,,,. .,. .,. .,. .,. .,. .,. .,. .,. .,. .,. .,. .,. .,. .,. .,. .,. .,. .,. .,. .,. .,. .,. .,. .,. .,. .,. .,. .,. .,. .,. .,3911,3948,3556,3657,3729,8421,8934,7317,7972,8490,3739,3878,3034,1832,2184,2130,2070,2320,2108,1902,1810,1899,1889,1948,2095,2216,2284,2190,2414,2052,1890,1955,1902,2047,2237,2581,2816,2765
Serbia,,78,xxx,xxx,xxx,xxx,xxx,xxx,xxx,xxx,xxx,xxx,xxx,xxx,xxx,xxx,xxx,xxx,xxx,xxx,xxx,xxx,xxx,xxx,xxx,xxx,xxx,xxx,xxx,xxx,xxx,xxx,xxx,xxx,xxx,xxx,xxx,xxx,xxx,xxx,xxx,xxx,xxx,xxx,xxx,. .,. .,. .,. .,956,1061,971,910,1317,1049,1160,1016,939,787,794,895,869,854,829,796,769,745,752,724,714,710
Slovak Rep.,,† ,xxx,xxx,xxx,xxx,xxx,xxx,xxx,xxx,xxx,xxx,xxx,xxx,xxx,xxx,xxx,xxx,xxx,xxx,xxx,xxx,xxx,xxx,xxx,xxx,xxx,xxx,xxx,xxx,xxx,xxx,xxx,xxx,xxx,xxx,xxx,xxx,xxx,xxx,xxx,xxx,xxx,xxx,xxx,xxx,931,961,1703,1691,1361,1064,930,966,1089,1103,1170,1087,1178,1195,1208,1238,1183,1036,889,889,805,831,986,1036,1035
Slovenia,,,xxx,xxx,xxx,xxx,xxx,xxx,xxx,xxx,xxx,xxx,xxx,xxx,xxx,xxx,xxx,xxx,xxx,xxx,xxx,xxx,xxx,xxx,xxx,xxx,xxx,xxx,xxx,xxx,xxx,xxx,xxx,xxx,xxx,xxx,xxx,xxx,xxx,xxx,xxx,xxx,xxx,xxx,xxx,457,392,381,434,445,427,427,401,365,448,497,518,549,560,641,645,683,688,685,553,476,422,404,401,405,404
Yugoslavia (former),,79,. .,. .,. .,. .,. .,. .,. .,. .,. .,. .,. .,. .,. .,. .,. .,. .,. .,. .,. .,. .,. .,. .,. .,. .,. .,. .,. .,. .,. .,. .,. .,. .,. .,. .,. .,. .,. .,. .,. .,. .,. .,. .,. .,xxx,xxx,xxx,xxx,xxx,xxx,xxx,xxx,xxx,xxx,xxx,xxx,xxx,xxx,xxx,xxx,xxx,xxx,xxx,xxx,xxx,xxx,xxx,xxx,xxx,xxx
Eastern Europe,,,,,,,,,,,,,,,,,,,,,,,,,,,,,,,,,,,,,,,,,,,,,,,,,,,,,,,,,,,,,,,,,,,,,,,
Armenia,,† 80,xxx,xxx,xxx,xxx,xxx,xxx,xxx,xxx,xxx,xxx,xxx,xxx,xxx,xxx,xxx,xxx,xxx,xxx,xxx,xxx,xxx,xxx,xxx,xxx,xxx,xxx,xxx,xxx,xxx,xxx,xxx,xxx,xxx,xxx,xxx,xxx,xxx,xxx,xxx,xxx,xxx,xxx,xxx,137.1,50.6,. .,125,108,137,135,145,147,143,142,163,180,220,260,305,354,369,385,353,362,407,413,447,423,431
Azerbaijan,,81,xxx,xxx,xxx,xxx,xxx,xxx,xxx,xxx,xxx,xxx,xxx,xxx,xxx,xxx,xxx,xxx,xxx,xxx,xxx,xxx,xxx,xxx,xxx,xxx,xxx,xxx,xxx,xxx,xxx,xxx,xxx,xxx,xxx,xxx,xxx,xxx,xxx,xxx,xxx,xxx,xxx,xxx,xxx,364,383,193,160,141,162,184,241,255,289,311,388,470,550,1130,1228,1653,1458,1382,2629,2728,2759,2770,3021,1932,1379
Belarus,,,xxx,xxx,xxx,xxx,xxx,xxx,xxx,xxx,xxx,xxx,xxx,xxx,xxx,xxx,xxx,xxx,xxx,xxx,xxx,xxx,xxx,xxx,xxx,xxx,xxx,xxx,xxx,xxx,xxx,xxx,xxx,xxx,xxx,xxx,xxx,xxx,xxx,xxx,xxx,xxx,xxx,xxx,xxx,254,361,363,143,110,180,168,168,186,232,241,244,295,384,499,544,558,494,556,597,678,726,737,724,664,597
Georgia,,† 82,xxx,xxx,xxx,xxx,xxx,xxx,xxx,xxx,xxx,xxx,xxx,xxx,xxx,xxx,xxx,xxx,xxx,xxx,xxx,xxx,xxx,xxx,xxx,xxx,xxx,xxx,xxx,xxx,xxx,xxx,xxx,xxx,xxx,xxx,xxx,xxx,xxx,xxx,xxx,xxx,xxx,xxx,xxx,. .,. .,. .,. .,108,67.5,65.2,50.2,34.2,43.4,62.1,75.6,106,280,476,943,895,546,409,368,382,347,336,333,315,315
Moldova,,† ¶ 83,xxx,xxx,xxx,xxx,xxx,xxx,xxx,xxx,xxx,xxx,xxx,xxx,xxx,xxx,xxx,xxx,xxx,xxx,xxx,xxx,xxx,xxx,xxx,xxx,xxx,xxx,xxx,xxx,xxx,xxx,xxx,xxx,xxx,xxx,xxx,xxx,xxx,xxx,xxx,xxx,xxx,xxx,xxx,. .,26.2,23.2,29.2,27.9,28.4,18.6,14.8,11.3,12.5,14.7,16.0,14.3,16.7,21.2,24.1,29.6,21.4,16.4,18.1,18.5,20.6,22.5,23.1,28.6,29.7
Russian Federation,,84,xxx,xxx,xxx,xxx,xxx,xxx,xxx,xxx,xxx,xxx,xxx,xxx,xxx,xxx,xxx,xxx,xxx,xxx,xxx,xxx,xxx,xxx,xxx,xxx,xxx,xxx,xxx,xxx,xxx,xxx,xxx,xxx,xxx,xxx,xxx,xxx,xxx,xxx,xxx,xxx,xxx,xxx,xxx,41938,36661,34657,22803,21533,23540,14000,15548,20982,22679,25123,26338,27536,31293,34633,37698,41423,43458,44338,47321,54832,57500,61622,66419,70345,69245
Ukraine,,§ 85,xxx,xxx,xxx,xxx,xxx,xxx,xxx,xxx,xxx,xxx,xxx,xxx,xxx,xxx,xxx,xxx,xxx,xxx,xxx,xxx,xxx,xxx,xxx,xxx,xxx,xxx,xxx,xxx,xxx,xxx,xxx,xxx,xxx,xxx,xxx,xxx,xxx,xxx,xxx,xxx,xxx,xxx,xxx,. .,281,1239,1331,1283,1590,1285,1184,1468,1240,1318,1523,1644,1991,2234,2715,2656,2433,2447,2249,2518,2678,3264,3617,3479,3423
USSR,,84,. .,. .,. .,. .,. .,. .,. .,. .,. .,. .,. .,. .,. .,. .,. .,. .,. .,. .,. .,. .,. .,. .,. .,. .,. .,. .,. .,. .,. .,. .,. .,. .,. .,. .,. .,. .,. .,. .,. .,250003,231813,196111,. .,xxx,xxx,xxx,xxx,xxx,xxx,xxx,xxx,xxx,xxx,xxx,xxx,xxx,xxx,xxx,xxx,xxx,xxx,xxx,xxx,xxx,xxx,xxx,xxx,xxx,xxx
Western Europe,,,,,,,,,,,,,,,,,,,,,,,,,,,,,,,,,,,,,,,,,,,,,,,,,,,,,,,,,,,,,,,,,,,,,,,
Austria,,,. .,. .,. .,. .,. .,. .,. .,. .,1131,1287,1273,1194,1146,1207,1479,1861,1540,1769,1792,1796,1849,1830,1761,1826,1897,2124,2362,2410,2487,2695,2863,2861,2773,2892,2937,2965,3243,3349,3220,3044,3012,3046,3060,2971,2999,3012,2986,2959,2965,2973,3034,3106,2894,2843,2961,2966,2902,2787,3315,3212,3000,2982,2915,2877,2765,2788,2665,2829,2862
Belgium,,,1905,1922,2844,4202,4184,4316,3575,3476,3624,3570,3598,3679,3719,3958,4080,4378,4239,4578,4800,4969,5003,5332,5557,5857,6125,6211,6762,7117,7300,7787,7959,8113,8185,7914,7600,7277,7192,7489,7536,7221,7109,6974,6876,5646,5361,5332,5223,5125,5060,5059,5125,5124,4899,4750,4802,4702,4531,4495,4851,5288,4981,4771,4603,4552,4436,4357,4218,4028,4063
Cyprus,,† ,xxx,xxx,xxx,xxx,xxx,xxx,xxx,xxx,xxx,xxx,xxx,. .,. .,. .,. .,. .,. .,. .,. .,. .,. .,. .,. .,. .,. .,. .,. .,. .,. .,. .,. .,. .,. .,. .,. .,. .,79.6,106,390,447,459,683,671,918,412,434,389,584,740,661,409,436,515,352,341,354,385,378,358,359,392,407,377,344,311,293,328,352,353
Denmark,,,1018,957,1145,1570,2046,2037,2008,1927,2028,1965,1928,2149,2203,2696,2705,2803,2975,2928,2926,3122,3074,3243,3299,3281,3121,3431,3757,3678,3696,3840,3864,3899,3941,4055,4087,3988,3898,3755,3967,4047,3947,3950,4021,3947,3958,3859,3818,3831,3879,3922,3898,3770,4003,3955,3839,3861,3679,4023,3879,4029,3788,4033,3759,3876,3556,3399,3364,3488,3514
Finland,,,. .,. .,. .,. .,. .,. .,. .,. .,. .,595,699,735,850,1192,947,933,952,937,917,1046,957,1015,1103,1268,1321,1247,1447,1280,1312,1365,1523,1777,1661,1809,2067,1901,2043,2180,2171,2291,2285,2325,2428,2472,2403,2363,2126,2355,2532,2588,2254,2376,2264,2309,2682,2844,2919,2971,2799,3014,3164,3097,3146,3182,3189,3003,3051,3243,3246
France,,86,15317,16561,22181,28177,31383,26751,24929,31862,34107,31417,32127,32977,34272,35419,34764,35786,36304,37398,39338,39385,37672,37883,38401,39406,40844,40692,42518,44357,46776,49427,50578,51583,52866,53876,54876,54550,54486,56086,57729,57700,58407,58149,58527,56686,56058,56346,53557,52272,52451,51085,51517,50923,50768,51815,53372,54833,53714,53957,54164,53622,57240,54623,53288,52551,52419,53195,55342,55681,55745
Germany,,,. .,. .,. .,. .,16966,17177,19848,18903,23005,17233,27610,29728,31608,40187,45116,43261,42682,41893,43579,38679,42425,42908,45970,49174,51061,53326,53084,52700,52474,54706,55469,56213,56874,56140,56627,56058,56178,57668,58700,58230,58070,61199,56636,53864,48423,45159,44416,43549,41966,42101,42959,42268,41573,41686,41117,39857,39237,38331,38364,39467,40958,41405,40221,41180,38803,38628,39813,40985,41067
Greece,,,768,861,1015,980,937,1009,1027,1326,1381,1360,1408,1496,1447,1472,1509,1568,1696,1841,2371,2769,3134,3381,3574,3810,3831,4758,6121,6698,7101,7253,7026,6077,7193,7340,6695,6572,6522,5573,5561,5880,5514,5574,5287,5494,5363,5455,5572,5906,6293,6857,7179,7576,7409,7268,6227,6846,7403,7697,7691,8550,8964,6889,5546,4905,4581,4543,4948,4986,4973
Iceland,,† 87,. .,. .,. .,. .,. .,. .,. .,. .,. .,. .,. .,. .,. .,. .,. .,. .,. .,. .,. .,. .,. .,. .,. .,. .,. .,. .,. .,. .,. .,. .,. .,. .,. .,. .,. .,. .,. .,. .,. .,. .,. .,. .,. .,. .,. .,. .,. .,. .,. .,. .,. .,. .,. .,. .,. .,. .,. .,. .,. .,. .,26.2,21.7,19.4,17.8,. .,. .,. .,. .,. .
Ireland,,,. .,. .,. .,. .,. .,. .,. .,. .,. .,240,251,267,278,282,285,319,329,313,319,328,342,388,437,519,555,563,683,705,718,769,849,894,855,866,812,786,810,832,777,773,764,867,909,899,906,927,934,985,1044,1053,1089,1117,1213,1164,1116,1133,1148,1138,1147,1188,1173,1118,1059,1003,998,994,997,993,999
Italy,,88,6060,7154,8104,9070,8239,9037,8903,9165,9455,9735,10038,10541,10826,11974,13326,13647,14164,15199,14931,15111,14915,15743,17692,19637,19605,19583,18234,18178,19452,20293,21595,21044,22131,24691,25231,25976,25716,27459,29877,31739,31989,30768,31202,30305,30467,29714,27137,29911,31364,32399,33669,35921,35330,36297,36591,36708,35311,34174,33114,34326,33363,32422,31815,29554,28388,26402,25295,27966,27934
Luxembourg,,89,24.2,35.4,50.8,82.4,92.4,106.0,115.3,73.8,78.3,76.0,71.0,46.2,50.8,61.6,58.7,75.7,75.2,75.9,61.6,54.5,55.7,56.6,57.5,63.9,70.0,75.6,80.3,86,84,92,95,110,114,115,117,118,115,121,138,158,144,150,166,173,158,174,170,175,189,203,206,211,264,235,249,262,265,259,269,201,199,251,216,211,218,234,276,293,294
Malta,,† ,xxx,xxx,xxx,xxx,xxx,xxx,xxx,xxx,xxx,xxx,xxx,xxx,xxx,xxx,xxx,. .,. .,. .,. .,. .,. .,. .,. .,. .,. .,. .,. .,. .,. .,. .,. .,. .,. .,. .,. .,. .,30.7,32.2,39.5,36.2,36.0,31.7,32.3,38.5,40.9,43.9,43.9,47.0,45.6,41.9,40.5,39.4,42.0,41.5,42.8,45.2,57.0,46.3,46.4,47.6,51.8,53.2,47.0,44.3,45.6,47.8,51.8,56.8,57.5
Netherlands,,,3353,4076,4284,5064,5375,6151,6478,6938,6507,5717,5140,5768,6633,7041,7192,7843,7561,7344,8139,8045,8410,8611,9006,9289,9434,9867,10372,10238,11410,11027,11693,11376,11492,12391,11359,11550,11421,11584,11794,11748,11860,11526,11205,11141,10238,9873,9593,9648,9547,9512,9976,9583,9834,9824,9964,10039,10058,10526,10667,10483,10709,10258,9914,9316,8677,8691,8668,9249,9253
Norway,,,949,833,1152,1537,1934,1980,1639,1601,1691,1574,1665,1585,1724,1905,1984,2012,2332,2318,2390,2534,2674,2682,2749,2748,2768,2842,3083,3156,3221,3440,3527,3560,3599,3740,3902,3759,4330,4194,4463,4253,4366,4402,4268,4626,4311,4532,4093,4149,4080,4350,4373,4228,4255,5114,4917,5041,4743,4734,5036,5063,5373,5291,5389,5487,5614,5858,5815,6080,5998
Portugal,,,732,787,818,893,1034,1087,1162,1154,1185,1212,1360,1415,2269,2579,2519,2746,2748,2895,3554,3741,3512,3907,4261,4270,4036,4731,3114,2494,2298,2321,2359,2557,2545,2549,2451,2281,2308,2595,2701,2999,3148,3236,3336,3426,3316,3226,3465,3341,3413,3338,3513,3618,3763,3868,3732,3964,4201,4081,3907,3921,4289,4230,4041,3588,3954,3454,3557,3750,3764
Spain,,90,2627,2463,2331,2954,2897,2911,3150,3342,3497,3068,2924,3510,3537,4320,4069,4650,4665,5608,5271,6983,8238,8306,7983,9513,9376,10379,9462,11210,11388,11857,12699,13167,13374,13850,15517,15895,16169,15116,15997,16174,16087,16318,15683,15299,14907,15061,15180,14701,14558,15278,16789,17352,17159,15905,16142,16873,17083,17642,18298,18197,17469,17582,16220,16404,14311,14289,14937,14994,14893
Sweden,,91,. .,. .,. .,. .,. .,. .,. .,. .,. .,. .,. .,3634,3813,4101,4372,4597,4873,4919,4794,4800,5053,5190,5305,5472,5490,5533,5673,5670,5712,5880,6099,5958,5856,5714,5649,5727,5811,5908,6303,6335,6409,6529,6151,5977,5959,5946,5959,6037,5735,5899,6122,6251,5931,5773,5731,5394,5464,5379,5520,4909,4815,5210,4899,5002,5031,5330,5387,5344,5320
Switzerland,,† ¶ 92,. .,. .,. .,. .,. .,. .,. .,. .,3839,4091,3967,3715,4327,4784,4984,5401,5444,5721,5573,5309,5668,5831,6065,6179,5988,5964,5626,6374,6043,6053,6329,6295,6284,6546,6634,6703,7374,6989,6724,7024,7161,7595,7332,7120,6322,6265,6338,5997,5781,5767,5337,5258,5135,4915,4788,4699,4625,4403,4430,4538,4533,4378,4496,4412,4791,4341,4521,4824,4680
UK,,93,. .,30315,35694,45660,50729,48161,45856,45008,43461,42322,42108,42979,42937,43488,44231,45429,45565,45322,46480,45818,43298,44599,44499,47333,47490,47503,49907,49176,47030,48525,50041,53361,52269,56986,59521,62473,63060,62281,61602,59419,59943,60028,60721,56716,54125,52636,49369,49074,47528,47792,47733,48981,50964,54265,58167,58846,59337,59720,61610,64360,65610,64230,61518,58896,56408,54938,53862,54217,48253
Middle East,,,0,0,0,352,1960,2053,2232,2638,2617,2535,2894,3716,4179,6447,8539,9674,10553,11424,14575,17537,20834,24475,26330,27621,33962,41890,49545,51538,68610,69472,63598,70648,84009,90203,80752,83998,79318,43027,69700,68092,62858,86026,94524,76000,73611,70734,67244,68307,82209,87546,86192,94618,97340,98211,99824,107404,115352,123970,132020,133243,139179,145189,146342,159427,173929,184517,166344,136660,138747
Bahrain,,94,S,xxx,xxx,xxx,xxx,xxx,xxx,xxx,xxx,xxx,xxx,xxx,xxx,xxx,xxx,xxx,xxx,xxx,xxx,xxx,xxx,xxx,76.3,72.6,77.4,96.5,51.9,67.8,88.7,215,281,298,364,435,249,223,233,253,258,299,310,337,368,391,382,386,400,427,416,428,479,476,499,599,685,690,649,711,771,834,934,932,1147,1277,1409,1502,1442,1386,1430
Egypt,,¶ ,. .,. .,. .,. .,. .,. .,. .,. .,. .,. .,. .,. .,. .,1744,2503,3224,3225,2767,2898,3761,4985,5904,6634,5471,5558,7399,7017,7267,8055,6551,4947,4835,5850,6468,7256,7723,7738,7025,5967,4700,3789,3731,3755,3680,3572,3746,3687,3733,3821,3847,3860,4126,4980,5622,5745,5435,5425,5551,5590,5206,5053,5051,4906,4773,4734,5164,5475,5357,4513
Iran,,95,. .,. .,. .,. .,. .,. .,. .,. .,. .,. .,. .,529,550,567,661,769,969,1245,1584,2079,2597,2799,1743,1514,1621,11236,15279,17217,14418,13719,7642,6196,9219,9905,9290,8097,8461,6777,6217,5747,4251,3774,3403,2953,3458,4268,4187,4617,5150,5154,5213,5739,6389,6877,8026,10372,12334,14515,13362,12840,13441,13671,12353,12851,10151,10067,10589,12383,12685
Iraq,Base year is 1978 until 1978,¶ 96,. .,. .,. .,. .,. .,. .,. .,. .,217,233,273,313,328,348,405,460,563,575,556,676,824,842,856,828,1026,2017,2049,2011,2100,1986,. .,. .,. .,. .,. .,. .,. .,. .,. .,. .,. .,. .,. .,. .,. .,. .,. .,. .,. .,. .,. .,. .,. .,. .,. .,2118,2858,2052,3140,4151,3957,4459,4805,4369,8056,7012,9604,6188,6233
Israel,,97,. .,. .,. .,352,334,409,570,1098,970,912,967,1051,1251,1605,1917,1959,2050,2271,3701,4690,5785,7876,8514,8633,12716,13042,14410,13326,11373,12360,10998,11656,13678,12668,11278,12266,11583,10807,13211,14255,11488,12306,16906,12774,14125,13272,12314,12612,12657,12490,12229,12962,13453,15045,15406,15647,15178,15611,15011,14729,15495,14942,14593,14827,15654,16565,16764,17800,17977
Jordan,,,. .,. .,. .,. .,. .,. .,. .,. .,. .,. .,. .,. .,. .,. .,. .,. .,. .,. .,879,1072,978,805,760,841,811,721,708,1074,829,836,942,876,951,1001,1023,985,1076,1190,1193,1124,894,749,954,777,816,829,597,790,815,884,906,931,914,885,1021,947,942,1030,1439,1648,1917,1813,1782,1575,1474,1535,1616,1766,1770
Kuwait,,98,. .,. .,. .,. .,. .,. .,. .,. .,. .,. .,. .,. .,. .,. .,. .,. .,. .,. .,. .,. .,. .,. .,. .,584,732,1804,. .,. .,2737,2384,2671,2636,2775,3280,3517,3631,3421,3074,3022,3801,4719,18207,23728,12027,5819,6174,6771,5758,4387,4093,3977,4644,4564,4709,5075,5463,5287,5226,5551,5111,4969,4878,5570,6031,5705,5694,5503,6370,6561
Lebanon,,,. .,. .,. .,. .,. .,. .,. .,. .,. .,. .,. .,. .,. .,. .,. .,. .,. .,. .,. .,. .,. .,. .,. .,. .,. .,. .,. .,. .,. .,. .,. .,2459,1934,1174,2090,2463,1758,1371,341,259,. .,825,786,1400,1167,1464,1500,1316,1103,1063,1261,1419,1468,1365,1372,1395,1417,1407,1544,1415,1705,1823,1781,1806,1898,2185,2239,. .,. .
Oman,,‡ 99,. .,. .,. .,. .,. .,. .,. .,. .,. .,. .,. .,. .,. .,. .,. .,. .,. .,. .,. .,. .,. .,. .,459,773,832,890,1838,1967,1887,2479,1936,1935,2333,2532,2987,3498,3727,3091,2647,2628,2638,2964,2456,2941,2760,2933,2954,2791,2888,2558,2588,3082,3585,3691,3883,4366,5263,5627,5701,5428,5079,5365,7022,12623,11814,10958,10045,9080,9103
Qatar,,,xxx,xxx,xxx,xxx,xxx,xxx,xxx,xxx,xxx,xxx,xxx,xxx,xxx,xxx,xxx,xxx,xxx,xxx,xxx,xxx,xxx,xxx,. .,. .,. .,. .,. .,. .,. .,. .,. .,2094,3300,4323,2596,2482,4255,. .,2328,2527,2112,1911,2073,. .,. .,. .,. .,. .,. .,. .,. .,. .,. .,1382,1393,1284,1356,1456,1876,2419,2138,2110,. .,. .,. .,. .,. .,. .,. .
Saudi Arabia,,§ 100,. .,. .,. .,. .,. .,. .,. .,. .,. .,. .,. .,. .,. .,. .,809,855,1226,2040,2236,2217,2715,2977,3538,4964,6410,. .,. .,. .,18834,21354,27449,30685,35732,39809,32323,34715,28667,. .,25505,23343,22058,27720,26435,24846,26332,22728,20035,20002,27164,31375,27929,30782,32784,28781,28993,32232,38838,44243,50962,50018,51398,53494,54222,61352,70313,82527,87186,61358,63673
Syria,,,. .,. .,. .,. .,. .,. .,. .,. .,. .,. .,. .,. .,. .,. .,. .,. .,. .,. .,. .,. .,. .,. .,. .,. .,. .,. .,. .,. .,. .,. .,. .,. .,. .,. .,. .,. .,. .,. .,. .,. .,. .,. .,. .,. .,. .,. .,. .,. .,. .,. .,. .,. .,. .,. .,. .,. .,. .,. .,. .,. .,. .,. .,. .,. .,. .,. .,. .,. .,. .
Turkey,,,. .,. .,. .,. .,1626,1644,1663,1539,1430,1389,1653,1823,2050,2183,2243,2406,2520,2526,2721,3042,2949,3272,3749,3940,4178,4684,8191,8606,8286,7588,6733,6978,7873,8607,8143,7916,8399,9436,9012,7938,9185,11098,11409,12000,13267,12971,13326,14919,15544,16287,17983,17404,15955,16976,15321,13982,13237,14203,13656,13809,14777,14478,14619,14939,15310,15397,15881,14974,14803
UAE,,101,xxx,xxx,xxx,xxx,xxx,xxx,xxx,xxx,xxx,xxx,xxx,xxx,xxx,xxx,xxx,xxx,xxx,xxx,xxx,xxx,xxx,xxx,. .,. .,. .,. .,. .,. .,. .,. .,. .,. .,. .,. .,. .,. .,. .,. .,. .,. .,. .,. .,. .,. .,. .,. .,. .,. .,6541,7713,7974,10921,10483,9406,9940,11056,10086,10013,10640,12963,15262,19141,20793,20486,25094,23681,. .,. .,. .
Yemen,,102,xxx,xxx,xxx,xxx,xxx,xxx,xxx,xxx,xxx,xxx,xxx,xxx,xxx,xxx,xxx,xxx,xxx,xxx,xxx,xxx,xxx,xxx,xxx,xxx,xxx,xxx,xxx,xxx,xxx,xxx,xxx,xxx,xxx,xxx,xxx,xxx,xxx,xxx,xxx,xxx,xxx,2404,2252,2212,1914,1964,1475,1342,1722,1654,1793,2133,2267,2871,2963,2416,2484,2324,2778,2670,3055,3032,2749,2519,2317,2230,. .,. .,. .
"Yemen, North",,103,. .,. .,. .,. .,. .,. .,. .,. .,. .,. .,. .,. .,. .,. .,. .,. .,. .,. .,. .,. .,. .,. .,. .,. .,. .,. .,. .,. .,. .,. .,. .,. .,. .,. .,. .,. .,. .,. .,. .,1471,1414,xxx,xxx,xxx,xxx,xxx,xxx,xxx,xxx,xxx,xxx,xxx,xxx,xxx,xxx,xxx,xxx,xxx,xxx,xxx,xxx,xxx,xxx,xxx,xxx,xxx,xxx,xxx,xxx
,,,,,,,,,,,,,,,,,,,,,,,,,,,,,,,,,,,,,,,,,,,,,,,,,,,,,,,,,,,,,,,,,,,,,,,
,,,,,,,,,,,,,,,,,,,,,,,,,,,,,,,,,,,,,,,,,,,,,,,,,,,,,,,,,,,,,,,,,,,,,,,
Numbered footnotes can be found on the Footnotes worksheet.,,,,,,,,,,,,,,,,,,,,,,,,,,,,,,,,,,,,,,,,,,,,,,,,,,,,,,,,,,,,,,,,,,,,,,,
† Figures for these countries do not include military pensions,,,,,,,,,,,,,,,,,,,,,,,,,,,,,,,,,,,,,,,,,,,,,,,,,,,,,,,,,,,,,,,,,,,,,,,
‡  Figures for these countries are for current spending only  (i.e. exclude capital spending),,,,,,,,,,,,,,,,,,,,,,,,,,,,,,,,,,,,,,,,,,,,,,,,,,,,,,,,,,,,,,,,,,,,,,,
"§ Figures for these countries are for the adopted budget, rather than actual expenditure",,,,,,,,,,,,,,,,,,,,,,,,,,,,,,,,,,,,,,,,,,,,,,,,,,,,,,,,,,,,,,,,,,,,,,,
¶ Figures for these countries do not include spending on paramilitary forces,,,,,,,,,,,,,,,,,,,,,,,,,,,,,,,,,,,,,,,,,,,,,,,,,,,,,,,,,,,,,,,,,,,,,,,
"The symbols || and || between two parts of a series for a country indicate a series break, where data before the red lines may not be consistent with data after.",,,,,,,,,,,,,,,,,,,,,,,,,,,,,,,,,,,,,,,,,,,,,,,,,,,,,,,,,,,,,,,,,,,,,,,
